device,capture,selected_bits,corrected_errors,decoder_capacity_t,commitment_pass,fe_pass
D0,21,272,0,16,true,true
D0,22,272,0,16,true,true
D0,23,272,1,16,true,true
D0,24,272,2,16,true,true
D0,25,272,0,16,true,true
D0,26,272,0,16,true,true
D0,27,272,1,16,true,true
D0,28,272,0,16,true,true
D0,29,272,0,16,true,true
D0,30,272,1,16,true,true
D1,21,272,0,16,true,true
D1,22,272,0,16,true,true
D1,23,272,2,16,true,true
D1,24,272,0,16,true,true
D1,25,272,0,16,true,true
D1,26,272,0,16,true,true
D1,27,272,0,16,true,true
D1,28,272,4,16,true,true
D1,29,272,1,16,true,true
D1,30,272,0,16,true,true
D2,21,272,0,16,true,true
D2,22,272,1,16,true,true
D2,23,272,2,16,true,true
D2,24,272,1,16,true,true
D2,25,272,1,16,true,true
D2,26,272,1,16,true,true
D2,27,272,3,16,true,true
D2,28,272,0,16,true,true
D2,29,272,1,16,true,true
D2,30,272,0,16,true,true
D3,21,272,2,16,true,true
D3,22,272,2,16,true,true
D3,23,272,1,16,true,true
D3,24,272,1,16,true,true
D3,25,272,3,16,true,true
D3,26,272,2,16,true,true
D3,27,272,2,16,true,true
D3,28,272,1,16,true,true
D3,29,272,1,16,true,true
D3,30,272,0,16,true,true
D4,21,272,0,16,true,true
D4,22,272,2,16,true,true
D4,23,272,1,16,true,true
D4,24,272,0,16,true,true
D4,25,272,1,16,true,true
D4,26,272,1,16,true,true
D4,27,272,0,16,true,true
D4,28,272,0,16,true,true
D4,29,272,3,16,true,true
D4,30,272,0,16,true,true
D5,21,272,2,16,true,true
D5,22,272,0,16,true,true
D5,23,272,1,16,true,true
D5,24,272,0,16,true,true
D5,25,272,3,16,true,true
D5,26,272,1,16,true,true
D5,27,272,0,16,true,true
D5,28,272,1,16,true,true
D5,29,272,0,16,true,true
D5,30,272,0,16,true,true
