bit_index,byte_index,bit_in_byte,ones_count,zeros_count,majority_value,reliability,reliability_percent,flip_count,stable_ge_90,stable_ge_95,stable_ge_97,stable_ge_99
0,0,0,30,0,1,1.0,100.0,0,1,1,1,1
1,0,1,30,0,1,1.0,100.0,0,1,1,1,1
2,0,2,0,30,0,1.0,100.0,0,1,1,1,1
3,0,3,6,24,0,0.8,80.0,6,0,0,0,0
4,0,4,0,30,0,1.0,100.0,0,1,1,1,1
5,0,5,30,0,1,1.0,100.0,0,1,1,1,1
6,0,6,28,2,1,0.9333333333333333,93.33333333333333,2,1,0,0,0
7,0,7,0,30,0,1.0,100.0,0,1,1,1,1
8,1,0,30,0,1,1.0,100.0,0,1,1,1,1
9,1,1,30,0,1,1.0,100.0,0,1,1,1,1
10,1,2,0,30,0,1.0,100.0,0,1,1,1,1
11,1,3,30,0,1,1.0,100.0,0,1,1,1,1
12,1,4,30,0,1,1.0,100.0,0,1,1,1,1
13,1,5,5,25,0,0.8333333333333334,83.33333333333334,5,0,0,0,0
14,1,6,0,30,0,1.0,100.0,0,1,1,1,1
15,1,7,0,30,0,1.0,100.0,0,1,1,1,1
16,2,0,30,0,1,1.0,100.0,0,1,1,1,1
17,2,1,29,1,1,0.9666666666666667,96.66666666666667,1,1,1,0,0
18,2,2,30,0,1,1.0,100.0,0,1,1,1,1
19,2,3,30,0,1,1.0,100.0,0,1,1,1,1
20,2,4,30,0,1,1.0,100.0,0,1,1,1,1
21,2,5,0,30,0,1.0,100.0,0,1,1,1,1
22,2,6,30,0,1,1.0,100.0,0,1,1,1,1
23,2,7,5,25,0,0.8333333333333334,83.33333333333334,5,0,0,0,0
24,3,0,0,30,0,1.0,100.0,0,1,1,1,1
25,3,1,0,30,0,1.0,100.0,0,1,1,1,1
26,3,2,0,30,0,1.0,100.0,0,1,1,1,1
27,3,3,30,0,1,1.0,100.0,0,1,1,1,1
28,3,4,30,0,1,1.0,100.0,0,1,1,1,1
29,3,5,30,0,1,1.0,100.0,0,1,1,1,1
30,3,6,0,30,0,1.0,100.0,0,1,1,1,1
31,3,7,0,30,0,1.0,100.0,0,1,1,1,1
32,4,0,0,30,0,1.0,100.0,0,1,1,1,1
33,4,1,30,0,1,1.0,100.0,0,1,1,1,1
34,4,2,0,30,0,1.0,100.0,0,1,1,1,1
35,4,3,0,30,0,1.0,100.0,0,1,1,1,1
36,4,4,0,30,0,1.0,100.0,0,1,1,1,1
37,4,5,30,0,1,1.0,100.0,0,1,1,1,1
38,4,6,30,0,1,1.0,100.0,0,1,1,1,1
39,4,7,30,0,1,1.0,100.0,0,1,1,1,1
40,5,0,4,26,0,0.8666666666666667,86.66666666666667,4,0,0,0,0
41,5,1,0,30,0,1.0,100.0,0,1,1,1,1
42,5,2,0,30,0,1.0,100.0,0,1,1,1,1
43,5,3,0,30,0,1.0,100.0,0,1,1,1,1
44,5,4,30,0,1,1.0,100.0,0,1,1,1,1
45,5,5,30,0,1,1.0,100.0,0,1,1,1,1
46,5,6,30,0,1,1.0,100.0,0,1,1,1,1
47,5,7,7,23,0,0.7666666666666667,76.66666666666667,7,0,0,0,0
48,6,0,28,2,1,0.9333333333333333,93.33333333333333,2,1,0,0,0
49,6,1,30,0,1,1.0,100.0,0,1,1,1,1
50,6,2,0,30,0,1.0,100.0,0,1,1,1,1
51,6,3,30,0,1,1.0,100.0,0,1,1,1,1
52,6,4,0,30,0,1.0,100.0,0,1,1,1,1
53,6,5,4,26,0,0.8666666666666667,86.66666666666667,4,0,0,0,0
54,6,6,30,0,1,1.0,100.0,0,1,1,1,1
55,6,7,15,15,1,0.5,50.0,15,0,0,0,0
56,7,0,0,30,0,1.0,100.0,0,1,1,1,1
57,7,1,30,0,1,1.0,100.0,0,1,1,1,1
58,7,2,0,30,0,1.0,100.0,0,1,1,1,1
59,7,3,0,30,0,1.0,100.0,0,1,1,1,1
60,7,4,30,0,1,1.0,100.0,0,1,1,1,1
61,7,5,0,30,0,1.0,100.0,0,1,1,1,1
62,7,6,0,30,0,1.0,100.0,0,1,1,1,1
63,7,7,29,1,1,0.9666666666666667,96.66666666666667,1,1,1,0,0
64,8,0,0,30,0,1.0,100.0,0,1,1,1,1
65,8,1,1,29,0,0.9666666666666667,96.66666666666667,1,1,1,0,0
66,8,2,30,0,1,1.0,100.0,0,1,1,1,1
67,8,3,0,30,0,1.0,100.0,0,1,1,1,1
68,8,4,0,30,0,1.0,100.0,0,1,1,1,1
69,8,5,0,30,0,1.0,100.0,0,1,1,1,1
70,8,6,0,30,0,1.0,100.0,0,1,1,1,1
71,8,7,0,30,0,1.0,100.0,0,1,1,1,1
72,9,0,0,30,0,1.0,100.0,0,1,1,1,1
73,9,1,1,29,0,0.9666666666666667,96.66666666666667,1,1,1,0,0
74,9,2,30,0,1,1.0,100.0,0,1,1,1,1
75,9,3,0,30,0,1.0,100.0,0,1,1,1,1
76,9,4,0,30,0,1.0,100.0,0,1,1,1,1
77,9,5,0,30,0,1.0,100.0,0,1,1,1,1
78,9,6,30,0,1,1.0,100.0,0,1,1,1,1
79,9,7,11,19,0,0.6333333333333333,63.33333333333333,11,0,0,0,0
80,10,0,0,30,0,1.0,100.0,0,1,1,1,1
81,10,1,30,0,1,1.0,100.0,0,1,1,1,1
82,10,2,0,30,0,1.0,100.0,0,1,1,1,1
83,10,3,30,0,1,1.0,100.0,0,1,1,1,1
84,10,4,12,18,0,0.6,60.0,12,0,0,0,0
85,10,5,30,0,1,1.0,100.0,0,1,1,1,1
86,10,6,30,0,1,1.0,100.0,0,1,1,1,1
87,10,7,30,0,1,1.0,100.0,0,1,1,1,1
88,11,0,5,25,0,0.8333333333333334,83.33333333333334,5,0,0,0,0
89,11,1,29,1,1,0.9666666666666667,96.66666666666667,1,1,1,0,0
90,11,2,0,30,0,1.0,100.0,0,1,1,1,1
91,11,3,1,29,0,0.9666666666666667,96.66666666666667,1,1,1,0,0
92,11,4,0,30,0,1.0,100.0,0,1,1,1,1
93,11,5,26,4,1,0.8666666666666667,86.66666666666667,4,0,0,0,0
94,11,6,30,0,1,1.0,100.0,0,1,1,1,1
95,11,7,30,0,1,1.0,100.0,0,1,1,1,1
96,12,0,30,0,1,1.0,100.0,0,1,1,1,1
97,12,1,30,0,1,1.0,100.0,0,1,1,1,1
98,12,2,30,0,1,1.0,100.0,0,1,1,1,1
99,12,3,25,5,1,0.8333333333333334,83.33333333333334,5,0,0,0,0
100,12,4,0,30,0,1.0,100.0,0,1,1,1,1
101,12,5,30,0,1,1.0,100.0,0,1,1,1,1
102,12,6,10,20,0,0.6666666666666666,66.66666666666666,10,0,0,0,0
103,12,7,11,19,0,0.6333333333333333,63.33333333333333,11,0,0,0,0
104,13,0,0,30,0,1.0,100.0,0,1,1,1,1
105,13,1,28,2,1,0.9333333333333333,93.33333333333333,2,1,0,0,0
106,13,2,30,0,1,1.0,100.0,0,1,1,1,1
107,13,3,0,30,0,1.0,100.0,0,1,1,1,1
108,13,4,1,29,0,0.9666666666666667,96.66666666666667,1,1,1,0,0
109,13,5,0,30,0,1.0,100.0,0,1,1,1,1
110,13,6,30,0,1,1.0,100.0,0,1,1,1,1
111,13,7,0,30,0,1.0,100.0,0,1,1,1,1
112,14,0,0,30,0,1.0,100.0,0,1,1,1,1
113,14,1,28,2,1,0.9333333333333333,93.33333333333333,2,1,0,0,0
114,14,2,30,0,1,1.0,100.0,0,1,1,1,1
115,14,3,0,30,0,1.0,100.0,0,1,1,1,1
116,14,4,21,9,1,0.7,70.0,9,0,0,0,0
117,14,5,30,0,1,1.0,100.0,0,1,1,1,1
118,14,6,0,30,0,1.0,100.0,0,1,1,1,1
119,14,7,0,30,0,1.0,100.0,0,1,1,1,1
120,15,0,0,30,0,1.0,100.0,0,1,1,1,1
121,15,1,0,30,0,1.0,100.0,0,1,1,1,1
122,15,2,0,30,0,1.0,100.0,0,1,1,1,1
123,15,3,30,0,1,1.0,100.0,0,1,1,1,1
124,15,4,0,30,0,1.0,100.0,0,1,1,1,1
125,15,5,0,30,0,1.0,100.0,0,1,1,1,1
126,15,6,30,0,1,1.0,100.0,0,1,1,1,1
127,15,7,0,30,0,1.0,100.0,0,1,1,1,1
128,16,0,30,0,1,1.0,100.0,0,1,1,1,1
129,16,1,15,15,1,0.5,50.0,15,0,0,0,0
130,16,2,21,9,1,0.7,70.0,9,0,0,0,0
131,16,3,30,0,1,1.0,100.0,0,1,1,1,1
132,16,4,30,0,1,1.0,100.0,0,1,1,1,1
133,16,5,0,30,0,1.0,100.0,0,1,1,1,1
134,16,6,0,30,0,1.0,100.0,0,1,1,1,1
135,16,7,0,30,0,1.0,100.0,0,1,1,1,1
136,17,0,0,30,0,1.0,100.0,0,1,1,1,1
137,17,1,30,0,1,1.0,100.0,0,1,1,1,1
138,17,2,30,0,1,1.0,100.0,0,1,1,1,1
139,17,3,30,0,1,1.0,100.0,0,1,1,1,1
140,17,4,30,0,1,1.0,100.0,0,1,1,1,1
141,17,5,0,30,0,1.0,100.0,0,1,1,1,1
142,17,6,0,30,0,1.0,100.0,0,1,1,1,1
143,17,7,9,21,0,0.7,70.0,9,0,0,0,0
144,18,0,30,0,1,1.0,100.0,0,1,1,1,1
145,18,1,8,22,0,0.7333333333333333,73.33333333333333,8,0,0,0,0
146,18,2,30,0,1,1.0,100.0,0,1,1,1,1
147,18,3,14,16,0,0.5333333333333333,53.333333333333336,14,0,0,0,0
148,18,4,30,0,1,1.0,100.0,0,1,1,1,1
149,18,5,0,30,0,1.0,100.0,0,1,1,1,1
150,18,6,0,30,0,1.0,100.0,0,1,1,1,1
151,18,7,30,0,1,1.0,100.0,0,1,1,1,1
152,19,0,0,30,0,1.0,100.0,0,1,1,1,1
153,19,1,30,0,1,1.0,100.0,0,1,1,1,1
154,19,2,30,0,1,1.0,100.0,0,1,1,1,1
155,19,3,13,17,0,0.5666666666666667,56.666666666666664,13,0,0,0,0
156,19,4,0,30,0,1.0,100.0,0,1,1,1,1
157,19,5,0,30,0,1.0,100.0,0,1,1,1,1
158,19,6,30,0,1,1.0,100.0,0,1,1,1,1
159,19,7,6,24,0,0.8,80.0,6,0,0,0,0
160,20,0,30,0,1,1.0,100.0,0,1,1,1,1
161,20,1,30,0,1,1.0,100.0,0,1,1,1,1
162,20,2,0,30,0,1.0,100.0,0,1,1,1,1
163,20,3,0,30,0,1.0,100.0,0,1,1,1,1
164,20,4,0,30,0,1.0,100.0,0,1,1,1,1
165,20,5,0,30,0,1.0,100.0,0,1,1,1,1
166,20,6,30,0,1,1.0,100.0,0,1,1,1,1
167,20,7,2,28,0,0.9333333333333333,93.33333333333333,2,1,0,0,0
168,21,0,0,30,0,1.0,100.0,0,1,1,1,1
169,21,1,4,26,0,0.8666666666666667,86.66666666666667,4,0,0,0,0
170,21,2,0,30,0,1.0,100.0,0,1,1,1,1
171,21,3,30,0,1,1.0,100.0,0,1,1,1,1
172,21,4,0,30,0,1.0,100.0,0,1,1,1,1
173,21,5,30,0,1,1.0,100.0,0,1,1,1,1
174,21,6,30,0,1,1.0,100.0,0,1,1,1,1
175,21,7,28,2,1,0.9333333333333333,93.33333333333333,2,1,0,0,0
176,22,0,30,0,1,1.0,100.0,0,1,1,1,1
177,22,1,15,15,1,0.5,50.0,15,0,0,0,0
178,22,2,30,0,1,1.0,100.0,0,1,1,1,1
179,22,3,2,28,0,0.9333333333333333,93.33333333333333,2,1,0,0,0
180,22,4,30,0,1,1.0,100.0,0,1,1,1,1
181,22,5,1,29,0,0.9666666666666667,96.66666666666667,1,1,1,0,0
182,22,6,0,30,0,1.0,100.0,0,1,1,1,1
183,22,7,0,30,0,1.0,100.0,0,1,1,1,1
184,23,0,30,0,1,1.0,100.0,0,1,1,1,1
185,23,1,0,30,0,1.0,100.0,0,1,1,1,1
186,23,2,0,30,0,1.0,100.0,0,1,1,1,1
187,23,3,29,1,1,0.9666666666666667,96.66666666666667,1,1,1,0,0
188,23,4,0,30,0,1.0,100.0,0,1,1,1,1
189,23,5,30,0,1,1.0,100.0,0,1,1,1,1
190,23,6,0,30,0,1.0,100.0,0,1,1,1,1
191,23,7,0,30,0,1.0,100.0,0,1,1,1,1
192,24,0,0,30,0,1.0,100.0,0,1,1,1,1
193,24,1,0,30,0,1.0,100.0,0,1,1,1,1
194,24,2,0,30,0,1.0,100.0,0,1,1,1,1
195,24,3,0,30,0,1.0,100.0,0,1,1,1,1
196,24,4,21,9,1,0.7,70.0,9,0,0,0,0
197,24,5,0,30,0,1.0,100.0,0,1,1,1,1
198,24,6,0,30,0,1.0,100.0,0,1,1,1,1
199,24,7,0,30,0,1.0,100.0,0,1,1,1,1
200,25,0,30,0,1,1.0,100.0,0,1,1,1,1
201,25,1,30,0,1,1.0,100.0,0,1,1,1,1
202,25,2,0,30,0,1.0,100.0,0,1,1,1,1
203,25,3,10,20,0,0.6666666666666666,66.66666666666666,10,0,0,0,0
204,25,4,0,30,0,1.0,100.0,0,1,1,1,1
205,25,5,0,30,0,1.0,100.0,0,1,1,1,1
206,25,6,9,21,0,0.7,70.0,9,0,0,0,0
207,25,7,30,0,1,1.0,100.0,0,1,1,1,1
208,26,0,0,30,0,1.0,100.0,0,1,1,1,1
209,26,1,0,30,0,1.0,100.0,0,1,1,1,1
210,26,2,30,0,1,1.0,100.0,0,1,1,1,1
211,26,3,30,0,1,1.0,100.0,0,1,1,1,1
212,26,4,30,0,1,1.0,100.0,0,1,1,1,1
213,26,5,30,0,1,1.0,100.0,0,1,1,1,1
214,26,6,29,1,1,0.9666666666666667,96.66666666666667,1,1,1,0,0
215,26,7,30,0,1,1.0,100.0,0,1,1,1,1
216,27,0,0,30,0,1.0,100.0,0,1,1,1,1
217,27,1,0,30,0,1.0,100.0,0,1,1,1,1
218,27,2,0,30,0,1.0,100.0,0,1,1,1,1
219,27,3,30,0,1,1.0,100.0,0,1,1,1,1
220,27,4,0,30,0,1.0,100.0,0,1,1,1,1
221,27,5,30,0,1,1.0,100.0,0,1,1,1,1
222,27,6,30,0,1,1.0,100.0,0,1,1,1,1
223,27,7,30,0,1,1.0,100.0,0,1,1,1,1
224,28,0,30,0,1,1.0,100.0,0,1,1,1,1
225,28,1,30,0,1,1.0,100.0,0,1,1,1,1
226,28,2,3,27,0,0.9,90.0,3,1,0,0,0
227,28,3,0,30,0,1.0,100.0,0,1,1,1,1
228,28,4,30,0,1,1.0,100.0,0,1,1,1,1
229,28,5,10,20,0,0.6666666666666666,66.66666666666666,10,0,0,0,0
230,28,6,0,30,0,1.0,100.0,0,1,1,1,1
231,28,7,30,0,1,1.0,100.0,0,1,1,1,1
232,29,0,0,30,0,1.0,100.0,0,1,1,1,1
233,29,1,1,29,0,0.9666666666666667,96.66666666666667,1,1,1,0,0
234,29,2,0,30,0,1.0,100.0,0,1,1,1,1
235,29,3,0,30,0,1.0,100.0,0,1,1,1,1
236,29,4,25,5,1,0.8333333333333334,83.33333333333334,5,0,0,0,0
237,29,5,0,30,0,1.0,100.0,0,1,1,1,1
238,29,6,0,30,0,1.0,100.0,0,1,1,1,1
239,29,7,30,0,1,1.0,100.0,0,1,1,1,1
240,30,0,30,0,1,1.0,100.0,0,1,1,1,1
241,30,1,0,30,0,1.0,100.0,0,1,1,1,1
242,30,2,30,0,1,1.0,100.0,0,1,1,1,1
243,30,3,0,30,0,1.0,100.0,0,1,1,1,1
244,30,4,28,2,1,0.9333333333333333,93.33333333333333,2,1,0,0,0
245,30,5,0,30,0,1.0,100.0,0,1,1,1,1
246,30,6,0,30,0,1.0,100.0,0,1,1,1,1
247,30,7,23,7,1,0.7666666666666667,76.66666666666667,7,0,0,0,0
248,31,0,4,26,0,0.8666666666666667,86.66666666666667,4,0,0,0,0
249,31,1,30,0,1,1.0,100.0,0,1,1,1,1
250,31,2,28,2,1,0.9333333333333333,93.33333333333333,2,1,0,0,0
251,31,3,17,13,1,0.5666666666666667,56.666666666666664,13,0,0,0,0
252,31,4,0,30,0,1.0,100.0,0,1,1,1,1
253,31,5,0,30,0,1.0,100.0,0,1,1,1,1
254,31,6,0,30,0,1.0,100.0,0,1,1,1,1
255,31,7,30,0,1,1.0,100.0,0,1,1,1,1
256,32,0,5,25,0,0.8333333333333334,83.33333333333334,5,0,0,0,0
257,32,1,4,26,0,0.8666666666666667,86.66666666666667,4,0,0,0,0
258,32,2,29,1,1,0.9666666666666667,96.66666666666667,1,1,1,0,0
259,32,3,0,30,0,1.0,100.0,0,1,1,1,1
260,32,4,30,0,1,1.0,100.0,0,1,1,1,1
261,32,5,0,30,0,1.0,100.0,0,1,1,1,1
262,32,6,30,0,1,1.0,100.0,0,1,1,1,1
263,32,7,0,30,0,1.0,100.0,0,1,1,1,1
264,33,0,30,0,1,1.0,100.0,0,1,1,1,1
265,33,1,30,0,1,1.0,100.0,0,1,1,1,1
266,33,2,0,30,0,1.0,100.0,0,1,1,1,1
267,33,3,0,30,0,1.0,100.0,0,1,1,1,1
268,33,4,11,19,0,0.6333333333333333,63.33333333333333,11,0,0,0,0
269,33,5,0,30,0,1.0,100.0,0,1,1,1,1
270,33,6,30,0,1,1.0,100.0,0,1,1,1,1
271,33,7,0,30,0,1.0,100.0,0,1,1,1,1
272,34,0,30,0,1,1.0,100.0,0,1,1,1,1
273,34,1,30,0,1,1.0,100.0,0,1,1,1,1
274,34,2,28,2,1,0.9333333333333333,93.33333333333333,2,1,0,0,0
275,34,3,17,13,1,0.5666666666666667,56.666666666666664,13,0,0,0,0
276,34,4,0,30,0,1.0,100.0,0,1,1,1,1
277,34,5,0,30,0,1.0,100.0,0,1,1,1,1
278,34,6,0,30,0,1.0,100.0,0,1,1,1,1
279,34,7,3,27,0,0.9,90.0,3,1,0,0,0
280,35,0,30,0,1,1.0,100.0,0,1,1,1,1
281,35,1,30,0,1,1.0,100.0,0,1,1,1,1
282,35,2,9,21,0,0.7,70.0,9,0,0,0,0
283,35,3,30,0,1,1.0,100.0,0,1,1,1,1
284,35,4,30,0,1,1.0,100.0,0,1,1,1,1
285,35,5,17,13,1,0.5666666666666667,56.666666666666664,13,0,0,0,0
286,35,6,30,0,1,1.0,100.0,0,1,1,1,1
287,35,7,25,5,1,0.8333333333333334,83.33333333333334,5,0,0,0,0
288,36,0,0,30,0,1.0,100.0,0,1,1,1,1
289,36,1,3,27,0,0.9,90.0,3,1,0,0,0
290,36,2,30,0,1,1.0,100.0,0,1,1,1,1
291,36,3,30,0,1,1.0,100.0,0,1,1,1,1
292,36,4,0,30,0,1.0,100.0,0,1,1,1,1
293,36,5,0,30,0,1.0,100.0,0,1,1,1,1
294,36,6,29,1,1,0.9666666666666667,96.66666666666667,1,1,1,0,0
295,36,7,29,1,1,0.9666666666666667,96.66666666666667,1,1,1,0,0
296,37,0,0,30,0,1.0,100.0,0,1,1,1,1
297,37,1,0,30,0,1.0,100.0,0,1,1,1,1
298,37,2,0,30,0,1.0,100.0,0,1,1,1,1
299,37,3,0,30,0,1.0,100.0,0,1,1,1,1
300,37,4,0,30,0,1.0,100.0,0,1,1,1,1
301,37,5,0,30,0,1.0,100.0,0,1,1,1,1
302,37,6,30,0,1,1.0,100.0,0,1,1,1,1
303,37,7,30,0,1,1.0,100.0,0,1,1,1,1
304,38,0,10,20,0,0.6666666666666666,66.66666666666666,10,0,0,0,0
305,38,1,0,30,0,1.0,100.0,0,1,1,1,1
306,38,2,30,0,1,1.0,100.0,0,1,1,1,1
307,38,3,0,30,0,1.0,100.0,0,1,1,1,1
308,38,4,29,1,1,0.9666666666666667,96.66666666666667,1,1,1,0,0
309,38,5,0,30,0,1.0,100.0,0,1,1,1,1
310,38,6,1,29,0,0.9666666666666667,96.66666666666667,1,1,1,0,0
311,38,7,30,0,1,1.0,100.0,0,1,1,1,1
312,39,0,5,25,0,0.8333333333333334,83.33333333333334,5,0,0,0,0
313,39,1,1,29,0,0.9666666666666667,96.66666666666667,1,1,1,0,0
314,39,2,26,4,1,0.8666666666666667,86.66666666666667,4,0,0,0,0
315,39,3,30,0,1,1.0,100.0,0,1,1,1,1
316,39,4,30,0,1,1.0,100.0,0,1,1,1,1
317,39,5,0,30,0,1.0,100.0,0,1,1,1,1
318,39,6,0,30,0,1.0,100.0,0,1,1,1,1
319,39,7,0,30,0,1.0,100.0,0,1,1,1,1
320,40,0,30,0,1,1.0,100.0,0,1,1,1,1
321,40,1,0,30,0,1.0,100.0,0,1,1,1,1
322,40,2,1,29,0,0.9666666666666667,96.66666666666667,1,1,1,0,0
323,40,3,30,0,1,1.0,100.0,0,1,1,1,1
324,40,4,0,30,0,1.0,100.0,0,1,1,1,1
325,40,5,4,26,0,0.8666666666666667,86.66666666666667,4,0,0,0,0
326,40,6,30,0,1,1.0,100.0,0,1,1,1,1
327,40,7,30,0,1,1.0,100.0,0,1,1,1,1
328,41,0,28,2,1,0.9333333333333333,93.33333333333333,2,1,0,0,0
329,41,1,0,30,0,1.0,100.0,0,1,1,1,1
330,41,2,0,30,0,1.0,100.0,0,1,1,1,1
331,41,3,0,30,0,1.0,100.0,0,1,1,1,1
332,41,4,30,0,1,1.0,100.0,0,1,1,1,1
333,41,5,0,30,0,1.0,100.0,0,1,1,1,1
334,41,6,30,0,1,1.0,100.0,0,1,1,1,1
335,41,7,0,30,0,1.0,100.0,0,1,1,1,1
336,42,0,1,29,0,0.9666666666666667,96.66666666666667,1,1,1,0,0
337,42,1,30,0,1,1.0,100.0,0,1,1,1,1
338,42,2,0,30,0,1.0,100.0,0,1,1,1,1
339,42,3,30,0,1,1.0,100.0,0,1,1,1,1
340,42,4,30,0,1,1.0,100.0,0,1,1,1,1
341,42,5,29,1,1,0.9666666666666667,96.66666666666667,1,1,1,0,0
342,42,6,30,0,1,1.0,100.0,0,1,1,1,1
343,42,7,0,30,0,1.0,100.0,0,1,1,1,1
344,43,0,30,0,1,1.0,100.0,0,1,1,1,1
345,43,1,30,0,1,1.0,100.0,0,1,1,1,1
346,43,2,30,0,1,1.0,100.0,0,1,1,1,1
347,43,3,1,29,0,0.9666666666666667,96.66666666666667,1,1,1,0,0
348,43,4,0,30,0,1.0,100.0,0,1,1,1,1
349,43,5,30,0,1,1.0,100.0,0,1,1,1,1
350,43,6,30,0,1,1.0,100.0,0,1,1,1,1
351,43,7,0,30,0,1.0,100.0,0,1,1,1,1
352,44,0,26,4,1,0.8666666666666667,86.66666666666667,4,0,0,0,0
353,44,1,29,1,1,0.9666666666666667,96.66666666666667,1,1,1,0,0
354,44,2,1,29,0,0.9666666666666667,96.66666666666667,1,1,1,0,0
355,44,3,5,25,0,0.8333333333333334,83.33333333333334,5,0,0,0,0
356,44,4,30,0,1,1.0,100.0,0,1,1,1,1
357,44,5,1,29,0,0.9666666666666667,96.66666666666667,1,1,1,0,0
358,44,6,0,30,0,1.0,100.0,0,1,1,1,1
359,44,7,1,29,0,0.9666666666666667,96.66666666666667,1,1,1,0,0
360,45,0,0,30,0,1.0,100.0,0,1,1,1,1
361,45,1,30,0,1,1.0,100.0,0,1,1,1,1
362,45,2,0,30,0,1.0,100.0,0,1,1,1,1
363,45,3,15,15,1,0.5,50.0,15,0,0,0,0
364,45,4,30,0,1,1.0,100.0,0,1,1,1,1
365,45,5,30,0,1,1.0,100.0,0,1,1,1,1
366,45,6,30,0,1,1.0,100.0,0,1,1,1,1
367,45,7,17,13,1,0.5666666666666667,56.666666666666664,13,0,0,0,0
368,46,0,30,0,1,1.0,100.0,0,1,1,1,1
369,46,1,0,30,0,1.0,100.0,0,1,1,1,1
370,46,2,30,0,1,1.0,100.0,0,1,1,1,1
371,46,3,0,30,0,1.0,100.0,0,1,1,1,1
372,46,4,2,28,0,0.9333333333333333,93.33333333333333,2,1,0,0,0
373,46,5,0,30,0,1.0,100.0,0,1,1,1,1
374,46,6,30,0,1,1.0,100.0,0,1,1,1,1
375,46,7,3,27,0,0.9,90.0,3,1,0,0,0
376,47,0,30,0,1,1.0,100.0,0,1,1,1,1
377,47,1,0,30,0,1.0,100.0,0,1,1,1,1
378,47,2,27,3,1,0.9,90.0,3,1,0,0,0
379,47,3,30,0,1,1.0,100.0,0,1,1,1,1
380,47,4,14,16,0,0.5333333333333333,53.333333333333336,14,0,0,0,0
381,47,5,0,30,0,1.0,100.0,0,1,1,1,1
382,47,6,30,0,1,1.0,100.0,0,1,1,1,1
383,47,7,0,30,0,1.0,100.0,0,1,1,1,1
384,48,0,30,0,1,1.0,100.0,0,1,1,1,1
385,48,1,3,27,0,0.9,90.0,3,1,0,0,0
386,48,2,0,30,0,1.0,100.0,0,1,1,1,1
387,48,3,30,0,1,1.0,100.0,0,1,1,1,1
388,48,4,0,30,0,1.0,100.0,0,1,1,1,1
389,48,5,21,9,1,0.7,70.0,9,0,0,0,0
390,48,6,0,30,0,1.0,100.0,0,1,1,1,1
391,48,7,0,30,0,1.0,100.0,0,1,1,1,1
392,49,0,9,21,0,0.7,70.0,9,0,0,0,0
393,49,1,0,30,0,1.0,100.0,0,1,1,1,1
394,49,2,0,30,0,1.0,100.0,0,1,1,1,1
395,49,3,0,30,0,1.0,100.0,0,1,1,1,1
396,49,4,0,30,0,1.0,100.0,0,1,1,1,1
397,49,5,3,27,0,0.9,90.0,3,1,0,0,0
398,49,6,18,12,1,0.6,60.0,12,0,0,0,0
399,49,7,30,0,1,1.0,100.0,0,1,1,1,1
400,50,0,0,30,0,1.0,100.0,0,1,1,1,1
401,50,1,30,0,1,1.0,100.0,0,1,1,1,1
402,50,2,26,4,1,0.8666666666666667,86.66666666666667,4,0,0,0,0
403,50,3,30,0,1,1.0,100.0,0,1,1,1,1
404,50,4,30,0,1,1.0,100.0,0,1,1,1,1
405,50,5,25,5,1,0.8333333333333334,83.33333333333334,5,0,0,0,0
406,50,6,0,30,0,1.0,100.0,0,1,1,1,1
407,50,7,0,30,0,1.0,100.0,0,1,1,1,1
408,51,0,15,15,1,0.5,50.0,15,0,0,0,0
409,51,1,0,30,0,1.0,100.0,0,1,1,1,1
410,51,2,30,0,1,1.0,100.0,0,1,1,1,1
411,51,3,30,0,1,1.0,100.0,0,1,1,1,1
412,51,4,30,0,1,1.0,100.0,0,1,1,1,1
413,51,5,30,0,1,1.0,100.0,0,1,1,1,1
414,51,6,29,1,1,0.9666666666666667,96.66666666666667,1,1,1,0,0
415,51,7,30,0,1,1.0,100.0,0,1,1,1,1
416,52,0,30,0,1,1.0,100.0,0,1,1,1,1
417,52,1,30,0,1,1.0,100.0,0,1,1,1,1
418,52,2,0,30,0,1.0,100.0,0,1,1,1,1
419,52,3,30,0,1,1.0,100.0,0,1,1,1,1
420,52,4,30,0,1,1.0,100.0,0,1,1,1,1
421,52,5,30,0,1,1.0,100.0,0,1,1,1,1
422,52,6,0,30,0,1.0,100.0,0,1,1,1,1
423,52,7,30,0,1,1.0,100.0,0,1,1,1,1
424,53,0,0,30,0,1.0,100.0,0,1,1,1,1
425,53,1,0,30,0,1.0,100.0,0,1,1,1,1
426,53,2,30,0,1,1.0,100.0,0,1,1,1,1
427,53,3,0,30,0,1.0,100.0,0,1,1,1,1
428,53,4,30,0,1,1.0,100.0,0,1,1,1,1
429,53,5,5,25,0,0.8333333333333334,83.33333333333334,5,0,0,0,0
430,53,6,0,30,0,1.0,100.0,0,1,1,1,1
431,53,7,0,30,0,1.0,100.0,0,1,1,1,1
432,54,0,0,30,0,1.0,100.0,0,1,1,1,1
433,54,1,0,30,0,1.0,100.0,0,1,1,1,1
434,54,2,4,26,0,0.8666666666666667,86.66666666666667,4,0,0,0,0
435,54,3,0,30,0,1.0,100.0,0,1,1,1,1
436,54,4,30,0,1,1.0,100.0,0,1,1,1,1
437,54,5,0,30,0,1.0,100.0,0,1,1,1,1
438,54,6,30,0,1,1.0,100.0,0,1,1,1,1
439,54,7,30,0,1,1.0,100.0,0,1,1,1,1
440,55,0,30,0,1,1.0,100.0,0,1,1,1,1
441,55,1,0,30,0,1.0,100.0,0,1,1,1,1
442,55,2,0,30,0,1.0,100.0,0,1,1,1,1
443,55,3,0,30,0,1.0,100.0,0,1,1,1,1
444,55,4,30,0,1,1.0,100.0,0,1,1,1,1
445,55,5,0,30,0,1.0,100.0,0,1,1,1,1
446,55,6,0,30,0,1.0,100.0,0,1,1,1,1
447,55,7,0,30,0,1.0,100.0,0,1,1,1,1
448,56,0,30,0,1,1.0,100.0,0,1,1,1,1
449,56,1,0,30,0,1.0,100.0,0,1,1,1,1
450,56,2,7,23,0,0.7666666666666667,76.66666666666667,7,0,0,0,0
451,56,3,11,19,0,0.6333333333333333,63.33333333333333,11,0,0,0,0
452,56,4,30,0,1,1.0,100.0,0,1,1,1,1
453,56,5,30,0,1,1.0,100.0,0,1,1,1,1
454,56,6,28,2,1,0.9333333333333333,93.33333333333333,2,1,0,0,0
455,56,7,0,30,0,1.0,100.0,0,1,1,1,1
456,57,0,14,16,0,0.5333333333333333,53.333333333333336,14,0,0,0,0
457,57,1,30,0,1,1.0,100.0,0,1,1,1,1
458,57,2,0,30,0,1.0,100.0,0,1,1,1,1
459,57,3,30,0,1,1.0,100.0,0,1,1,1,1
460,57,4,0,30,0,1.0,100.0,0,1,1,1,1
461,57,5,30,0,1,1.0,100.0,0,1,1,1,1
462,57,6,0,30,0,1.0,100.0,0,1,1,1,1
463,57,7,29,1,1,0.9666666666666667,96.66666666666667,1,1,1,0,0
464,58,0,30,0,1,1.0,100.0,0,1,1,1,1
465,58,1,0,30,0,1.0,100.0,0,1,1,1,1
466,58,2,30,0,1,1.0,100.0,0,1,1,1,1
467,58,3,0,30,0,1.0,100.0,0,1,1,1,1
468,58,4,0,30,0,1.0,100.0,0,1,1,1,1
469,58,5,30,0,1,1.0,100.0,0,1,1,1,1
470,58,6,30,0,1,1.0,100.0,0,1,1,1,1
471,58,7,24,6,1,0.8,80.0,6,0,0,0,0
472,59,0,30,0,1,1.0,100.0,0,1,1,1,1
473,59,1,0,30,0,1.0,100.0,0,1,1,1,1
474,59,2,30,0,1,1.0,100.0,0,1,1,1,1
475,59,3,30,0,1,1.0,100.0,0,1,1,1,1
476,59,4,0,30,0,1.0,100.0,0,1,1,1,1
477,59,5,30,0,1,1.0,100.0,0,1,1,1,1
478,59,6,8,22,0,0.7333333333333333,73.33333333333333,8,0,0,0,0
479,59,7,0,30,0,1.0,100.0,0,1,1,1,1
480,60,0,30,0,1,1.0,100.0,0,1,1,1,1
481,60,1,29,1,1,0.9666666666666667,96.66666666666667,1,1,1,0,0
482,60,2,23,7,1,0.7666666666666667,76.66666666666667,7,0,0,0,0
483,60,3,0,30,0,1.0,100.0,0,1,1,1,1
484,60,4,0,30,0,1.0,100.0,0,1,1,1,1
485,60,5,30,0,1,1.0,100.0,0,1,1,1,1
486,60,6,20,10,1,0.6666666666666666,66.66666666666666,10,0,0,0,0
487,60,7,30,0,1,1.0,100.0,0,1,1,1,1
488,61,0,0,30,0,1.0,100.0,0,1,1,1,1
489,61,1,30,0,1,1.0,100.0,0,1,1,1,1
490,61,2,30,0,1,1.0,100.0,0,1,1,1,1
491,61,3,30,0,1,1.0,100.0,0,1,1,1,1
492,61,4,0,30,0,1.0,100.0,0,1,1,1,1
493,61,5,0,30,0,1.0,100.0,0,1,1,1,1
494,61,6,30,0,1,1.0,100.0,0,1,1,1,1
495,61,7,0,30,0,1.0,100.0,0,1,1,1,1
496,62,0,30,0,1,1.0,100.0,0,1,1,1,1
497,62,1,30,0,1,1.0,100.0,0,1,1,1,1
498,62,2,29,1,1,0.9666666666666667,96.66666666666667,1,1,1,0,0
499,62,3,0,30,0,1.0,100.0,0,1,1,1,1
500,62,4,16,14,1,0.5333333333333333,53.333333333333336,14,0,0,0,0
501,62,5,25,5,1,0.8333333333333334,83.33333333333334,5,0,0,0,0
502,62,6,0,30,0,1.0,100.0,0,1,1,1,1
503,62,7,0,30,0,1.0,100.0,0,1,1,1,1
504,63,0,14,16,0,0.5333333333333333,53.333333333333336,14,0,0,0,0
505,63,1,30,0,1,1.0,100.0,0,1,1,1,1
506,63,2,29,1,1,0.9666666666666667,96.66666666666667,1,1,1,0,0
507,63,3,30,0,1,1.0,100.0,0,1,1,1,1
508,63,4,30,0,1,1.0,100.0,0,1,1,1,1
509,63,5,0,30,0,1.0,100.0,0,1,1,1,1
510,63,6,10,20,0,0.6666666666666666,66.66666666666666,10,0,0,0,0
511,63,7,0,30,0,1.0,100.0,0,1,1,1,1
512,64,0,30,0,1,1.0,100.0,0,1,1,1,1
513,64,1,0,30,0,1.0,100.0,0,1,1,1,1
514,64,2,0,30,0,1.0,100.0,0,1,1,1,1
515,64,3,0,30,0,1.0,100.0,0,1,1,1,1
516,64,4,0,30,0,1.0,100.0,0,1,1,1,1
517,64,5,21,9,1,0.7,70.0,9,0,0,0,0
518,64,6,30,0,1,1.0,100.0,0,1,1,1,1
519,64,7,1,29,0,0.9666666666666667,96.66666666666667,1,1,1,0,0
520,65,0,17,13,1,0.5666666666666667,56.666666666666664,13,0,0,0,0
521,65,1,26,4,1,0.8666666666666667,86.66666666666667,4,0,0,0,0
522,65,2,30,0,1,1.0,100.0,0,1,1,1,1
523,65,3,27,3,1,0.9,90.0,3,1,0,0,0
524,65,4,0,30,0,1.0,100.0,0,1,1,1,1
525,65,5,0,30,0,1.0,100.0,0,1,1,1,1
526,65,6,30,0,1,1.0,100.0,0,1,1,1,1
527,65,7,0,30,0,1.0,100.0,0,1,1,1,1
528,66,0,30,0,1,1.0,100.0,0,1,1,1,1
529,66,1,30,0,1,1.0,100.0,0,1,1,1,1
530,66,2,29,1,1,0.9666666666666667,96.66666666666667,1,1,1,0,0
531,66,3,8,22,0,0.7333333333333333,73.33333333333333,8,0,0,0,0
532,66,4,30,0,1,1.0,100.0,0,1,1,1,1
533,66,5,13,17,0,0.5666666666666667,56.666666666666664,13,0,0,0,0
534,66,6,30,0,1,1.0,100.0,0,1,1,1,1
535,66,7,30,0,1,1.0,100.0,0,1,1,1,1
536,67,0,0,30,0,1.0,100.0,0,1,1,1,1
537,67,1,30,0,1,1.0,100.0,0,1,1,1,1
538,67,2,30,0,1,1.0,100.0,0,1,1,1,1
539,67,3,30,0,1,1.0,100.0,0,1,1,1,1
540,67,4,30,0,1,1.0,100.0,0,1,1,1,1
541,67,5,30,0,1,1.0,100.0,0,1,1,1,1
542,67,6,30,0,1,1.0,100.0,0,1,1,1,1
543,67,7,0,30,0,1.0,100.0,0,1,1,1,1
544,68,0,30,0,1,1.0,100.0,0,1,1,1,1
545,68,1,0,30,0,1.0,100.0,0,1,1,1,1
546,68,2,30,0,1,1.0,100.0,0,1,1,1,1
547,68,3,12,18,0,0.6,60.0,12,0,0,0,0
548,68,4,30,0,1,1.0,100.0,0,1,1,1,1
549,68,5,1,29,0,0.9666666666666667,96.66666666666667,1,1,1,0,0
550,68,6,0,30,0,1.0,100.0,0,1,1,1,1
551,68,7,29,1,1,0.9666666666666667,96.66666666666667,1,1,1,0,0
552,69,0,30,0,1,1.0,100.0,0,1,1,1,1
553,69,1,30,0,1,1.0,100.0,0,1,1,1,1
554,69,2,30,0,1,1.0,100.0,0,1,1,1,1
555,69,3,30,0,1,1.0,100.0,0,1,1,1,1
556,69,4,0,30,0,1.0,100.0,0,1,1,1,1
557,69,5,30,0,1,1.0,100.0,0,1,1,1,1
558,69,6,0,30,0,1.0,100.0,0,1,1,1,1
559,69,7,0,30,0,1.0,100.0,0,1,1,1,1
560,70,0,0,30,0,1.0,100.0,0,1,1,1,1
561,70,1,30,0,1,1.0,100.0,0,1,1,1,1
562,70,2,0,30,0,1.0,100.0,0,1,1,1,1
563,70,3,5,25,0,0.8333333333333334,83.33333333333334,5,0,0,0,0
564,70,4,0,30,0,1.0,100.0,0,1,1,1,1
565,70,5,0,30,0,1.0,100.0,0,1,1,1,1
566,70,6,9,21,0,0.7,70.0,9,0,0,0,0
567,70,7,30,0,1,1.0,100.0,0,1,1,1,1
568,71,0,22,8,1,0.7333333333333333,73.33333333333333,8,0,0,0,0
569,71,1,0,30,0,1.0,100.0,0,1,1,1,1
570,71,2,8,22,0,0.7333333333333333,73.33333333333333,8,0,0,0,0
571,71,3,30,0,1,1.0,100.0,0,1,1,1,1
572,71,4,14,16,0,0.5333333333333333,53.333333333333336,14,0,0,0,0
573,71,5,30,0,1,1.0,100.0,0,1,1,1,1
574,71,6,0,30,0,1.0,100.0,0,1,1,1,1
575,71,7,0,30,0,1.0,100.0,0,1,1,1,1
576,72,0,30,0,1,1.0,100.0,0,1,1,1,1
577,72,1,30,0,1,1.0,100.0,0,1,1,1,1
578,72,2,25,5,1,0.8333333333333334,83.33333333333334,5,0,0,0,0
579,72,3,20,10,1,0.6666666666666666,66.66666666666666,10,0,0,0,0
580,72,4,0,30,0,1.0,100.0,0,1,1,1,1
581,72,5,30,0,1,1.0,100.0,0,1,1,1,1
582,72,6,0,30,0,1.0,100.0,0,1,1,1,1
583,72,7,0,30,0,1.0,100.0,0,1,1,1,1
584,73,0,0,30,0,1.0,100.0,0,1,1,1,1
585,73,1,0,30,0,1.0,100.0,0,1,1,1,1
586,73,2,7,23,0,0.7666666666666667,76.66666666666667,7,0,0,0,0
587,73,3,0,30,0,1.0,100.0,0,1,1,1,1
588,73,4,1,29,0,0.9666666666666667,96.66666666666667,1,1,1,0,0
589,73,5,0,30,0,1.0,100.0,0,1,1,1,1
590,73,6,29,1,1,0.9666666666666667,96.66666666666667,1,1,1,0,0
591,73,7,30,0,1,1.0,100.0,0,1,1,1,1
592,74,0,30,0,1,1.0,100.0,0,1,1,1,1
593,74,1,0,30,0,1.0,100.0,0,1,1,1,1
594,74,2,27,3,1,0.9,90.0,3,1,0,0,0
595,74,3,30,0,1,1.0,100.0,0,1,1,1,1
596,74,4,30,0,1,1.0,100.0,0,1,1,1,1
597,74,5,30,0,1,1.0,100.0,0,1,1,1,1
598,74,6,1,29,0,0.9666666666666667,96.66666666666667,1,1,1,0,0
599,74,7,30,0,1,1.0,100.0,0,1,1,1,1
600,75,0,0,30,0,1.0,100.0,0,1,1,1,1
601,75,1,30,0,1,1.0,100.0,0,1,1,1,1
602,75,2,30,0,1,1.0,100.0,0,1,1,1,1
603,75,3,30,0,1,1.0,100.0,0,1,1,1,1
604,75,4,0,30,0,1.0,100.0,0,1,1,1,1
605,75,5,0,30,0,1.0,100.0,0,1,1,1,1
606,75,6,0,30,0,1.0,100.0,0,1,1,1,1
607,75,7,0,30,0,1.0,100.0,0,1,1,1,1
608,76,0,6,24,0,0.8,80.0,6,0,0,0,0
609,76,1,30,0,1,1.0,100.0,0,1,1,1,1
610,76,2,0,30,0,1.0,100.0,0,1,1,1,1
611,76,3,29,1,1,0.9666666666666667,96.66666666666667,1,1,1,0,0
612,76,4,30,0,1,1.0,100.0,0,1,1,1,1
613,76,5,16,14,1,0.5333333333333333,53.333333333333336,14,0,0,0,0
614,76,6,30,0,1,1.0,100.0,0,1,1,1,1
615,76,7,30,0,1,1.0,100.0,0,1,1,1,1
616,77,0,4,26,0,0.8666666666666667,86.66666666666667,4,0,0,0,0
617,77,1,29,1,1,0.9666666666666667,96.66666666666667,1,1,1,0,0
618,77,2,0,30,0,1.0,100.0,0,1,1,1,1
619,77,3,0,30,0,1.0,100.0,0,1,1,1,1
620,77,4,30,0,1,1.0,100.0,0,1,1,1,1
621,77,5,30,0,1,1.0,100.0,0,1,1,1,1
622,77,6,1,29,0,0.9666666666666667,96.66666666666667,1,1,1,0,0
623,77,7,30,0,1,1.0,100.0,0,1,1,1,1
624,78,0,11,19,0,0.6333333333333333,63.33333333333333,11,0,0,0,0
625,78,1,30,0,1,1.0,100.0,0,1,1,1,1
626,78,2,0,30,0,1.0,100.0,0,1,1,1,1
627,78,3,0,30,0,1.0,100.0,0,1,1,1,1
628,78,4,24,6,1,0.8,80.0,6,0,0,0,0
629,78,5,0,30,0,1.0,100.0,0,1,1,1,1
630,78,6,30,0,1,1.0,100.0,0,1,1,1,1
631,78,7,29,1,1,0.9666666666666667,96.66666666666667,1,1,1,0,0
632,79,0,0,30,0,1.0,100.0,0,1,1,1,1
633,79,1,0,30,0,1.0,100.0,0,1,1,1,1
634,79,2,0,30,0,1.0,100.0,0,1,1,1,1
635,79,3,30,0,1,1.0,100.0,0,1,1,1,1
636,79,4,30,0,1,1.0,100.0,0,1,1,1,1
637,79,5,0,30,0,1.0,100.0,0,1,1,1,1
638,79,6,0,30,0,1.0,100.0,0,1,1,1,1
639,79,7,21,9,1,0.7,70.0,9,0,0,0,0
640,80,0,0,30,0,1.0,100.0,0,1,1,1,1
641,80,1,30,0,1,1.0,100.0,0,1,1,1,1
642,80,2,29,1,1,0.9666666666666667,96.66666666666667,1,1,1,0,0
643,80,3,18,12,1,0.6,60.0,12,0,0,0,0
644,80,4,2,28,0,0.9333333333333333,93.33333333333333,2,1,0,0,0
645,80,5,13,17,0,0.5666666666666667,56.666666666666664,13,0,0,0,0
646,80,6,0,30,0,1.0,100.0,0,1,1,1,1
647,80,7,30,0,1,1.0,100.0,0,1,1,1,1
648,81,0,0,30,0,1.0,100.0,0,1,1,1,1
649,81,1,30,0,1,1.0,100.0,0,1,1,1,1
650,81,2,0,30,0,1.0,100.0,0,1,1,1,1
651,81,3,30,0,1,1.0,100.0,0,1,1,1,1
652,81,4,0,30,0,1.0,100.0,0,1,1,1,1
653,81,5,30,0,1,1.0,100.0,0,1,1,1,1
654,81,6,6,24,0,0.8,80.0,6,0,0,0,0
655,81,7,0,30,0,1.0,100.0,0,1,1,1,1
656,82,0,30,0,1,1.0,100.0,0,1,1,1,1
657,82,1,30,0,1,1.0,100.0,0,1,1,1,1
658,82,2,0,30,0,1.0,100.0,0,1,1,1,1
659,82,3,30,0,1,1.0,100.0,0,1,1,1,1
660,82,4,30,0,1,1.0,100.0,0,1,1,1,1
661,82,5,30,0,1,1.0,100.0,0,1,1,1,1
662,82,6,11,19,0,0.6333333333333333,63.33333333333333,11,0,0,0,0
663,82,7,30,0,1,1.0,100.0,0,1,1,1,1
664,83,0,0,30,0,1.0,100.0,0,1,1,1,1
665,83,1,30,0,1,1.0,100.0,0,1,1,1,1
666,83,2,30,0,1,1.0,100.0,0,1,1,1,1
667,83,3,2,28,0,0.9333333333333333,93.33333333333333,2,1,0,0,0
668,83,4,30,0,1,1.0,100.0,0,1,1,1,1
669,83,5,0,30,0,1.0,100.0,0,1,1,1,1
670,83,6,30,0,1,1.0,100.0,0,1,1,1,1
671,83,7,0,30,0,1.0,100.0,0,1,1,1,1
672,84,0,30,0,1,1.0,100.0,0,1,1,1,1
673,84,1,0,30,0,1.0,100.0,0,1,1,1,1
674,84,2,29,1,1,0.9666666666666667,96.66666666666667,1,1,1,0,0
675,84,3,0,30,0,1.0,100.0,0,1,1,1,1
676,84,4,1,29,0,0.9666666666666667,96.66666666666667,1,1,1,0,0
677,84,5,5,25,0,0.8333333333333334,83.33333333333334,5,0,0,0,0
678,84,6,0,30,0,1.0,100.0,0,1,1,1,1
679,84,7,30,0,1,1.0,100.0,0,1,1,1,1
680,85,0,0,30,0,1.0,100.0,0,1,1,1,1
681,85,1,0,30,0,1.0,100.0,0,1,1,1,1
682,85,2,30,0,1,1.0,100.0,0,1,1,1,1
683,85,3,0,30,0,1.0,100.0,0,1,1,1,1
684,85,4,0,30,0,1.0,100.0,0,1,1,1,1
685,85,5,30,0,1,1.0,100.0,0,1,1,1,1
686,85,6,30,0,1,1.0,100.0,0,1,1,1,1
687,85,7,0,30,0,1.0,100.0,0,1,1,1,1
688,86,0,1,29,0,0.9666666666666667,96.66666666666667,1,1,1,0,0
689,86,1,4,26,0,0.8666666666666667,86.66666666666667,4,0,0,0,0
690,86,2,30,0,1,1.0,100.0,0,1,1,1,1
691,86,3,0,30,0,1.0,100.0,0,1,1,1,1
692,86,4,0,30,0,1.0,100.0,0,1,1,1,1
693,86,5,30,0,1,1.0,100.0,0,1,1,1,1
694,86,6,28,2,1,0.9333333333333333,93.33333333333333,2,1,0,0,0
695,86,7,0,30,0,1.0,100.0,0,1,1,1,1
696,87,0,0,30,0,1.0,100.0,0,1,1,1,1
697,87,1,0,30,0,1.0,100.0,0,1,1,1,1
698,87,2,30,0,1,1.0,100.0,0,1,1,1,1
699,87,3,0,30,0,1.0,100.0,0,1,1,1,1
700,87,4,0,30,0,1.0,100.0,0,1,1,1,1
701,87,5,0,30,0,1.0,100.0,0,1,1,1,1
702,87,6,30,0,1,1.0,100.0,0,1,1,1,1
703,87,7,0,30,0,1.0,100.0,0,1,1,1,1
704,88,0,30,0,1,1.0,100.0,0,1,1,1,1
705,88,1,15,15,1,0.5,50.0,15,0,0,0,0
706,88,2,0,30,0,1.0,100.0,0,1,1,1,1
707,88,3,30,0,1,1.0,100.0,0,1,1,1,1
708,88,4,0,30,0,1.0,100.0,0,1,1,1,1
709,88,5,30,0,1,1.0,100.0,0,1,1,1,1
710,88,6,10,20,0,0.6666666666666666,66.66666666666666,10,0,0,0,0
711,88,7,0,30,0,1.0,100.0,0,1,1,1,1
712,89,0,30,0,1,1.0,100.0,0,1,1,1,1
713,89,1,30,0,1,1.0,100.0,0,1,1,1,1
714,89,2,3,27,0,0.9,90.0,3,1,0,0,0
715,89,3,0,30,0,1.0,100.0,0,1,1,1,1
716,89,4,1,29,0,0.9666666666666667,96.66666666666667,1,1,1,0,0
717,89,5,0,30,0,1.0,100.0,0,1,1,1,1
718,89,6,0,30,0,1.0,100.0,0,1,1,1,1
719,89,7,0,30,0,1.0,100.0,0,1,1,1,1
720,90,0,0,30,0,1.0,100.0,0,1,1,1,1
721,90,1,2,28,0,0.9333333333333333,93.33333333333333,2,1,0,0,0
722,90,2,0,30,0,1.0,100.0,0,1,1,1,1
723,90,3,30,0,1,1.0,100.0,0,1,1,1,1
724,90,4,30,0,1,1.0,100.0,0,1,1,1,1
725,90,5,30,0,1,1.0,100.0,0,1,1,1,1
726,90,6,30,0,1,1.0,100.0,0,1,1,1,1
727,90,7,30,0,1,1.0,100.0,0,1,1,1,1
728,91,0,30,0,1,1.0,100.0,0,1,1,1,1
729,91,1,0,30,0,1.0,100.0,0,1,1,1,1
730,91,2,13,17,0,0.5666666666666667,56.666666666666664,13,0,0,0,0
731,91,3,30,0,1,1.0,100.0,0,1,1,1,1
732,91,4,30,0,1,1.0,100.0,0,1,1,1,1
733,91,5,30,0,1,1.0,100.0,0,1,1,1,1
734,91,6,0,30,0,1.0,100.0,0,1,1,1,1
735,91,7,21,9,1,0.7,70.0,9,0,0,0,0
736,92,0,2,28,0,0.9333333333333333,93.33333333333333,2,1,0,0,0
737,92,1,0,30,0,1.0,100.0,0,1,1,1,1
738,92,2,0,30,0,1.0,100.0,0,1,1,1,1
739,92,3,30,0,1,1.0,100.0,0,1,1,1,1
740,92,4,27,3,1,0.9,90.0,3,1,0,0,0
741,92,5,0,30,0,1.0,100.0,0,1,1,1,1
742,92,6,30,0,1,1.0,100.0,0,1,1,1,1
743,92,7,0,30,0,1.0,100.0,0,1,1,1,1
744,93,0,30,0,1,1.0,100.0,0,1,1,1,1
745,93,1,0,30,0,1.0,100.0,0,1,1,1,1
746,93,2,16,14,1,0.5333333333333333,53.333333333333336,14,0,0,0,0
747,93,3,0,30,0,1.0,100.0,0,1,1,1,1
748,93,4,30,0,1,1.0,100.0,0,1,1,1,1
749,93,5,23,7,1,0.7666666666666667,76.66666666666667,7,0,0,0,0
750,93,6,1,29,0,0.9666666666666667,96.66666666666667,1,1,1,0,0
751,93,7,0,30,0,1.0,100.0,0,1,1,1,1
752,94,0,30,0,1,1.0,100.0,0,1,1,1,1
753,94,1,15,15,1,0.5,50.0,15,0,0,0,0
754,94,2,4,26,0,0.8666666666666667,86.66666666666667,4,0,0,0,0
755,94,3,0,30,0,1.0,100.0,0,1,1,1,1
756,94,4,0,30,0,1.0,100.0,0,1,1,1,1
757,94,5,0,30,0,1.0,100.0,0,1,1,1,1
758,94,6,0,30,0,1.0,100.0,0,1,1,1,1
759,94,7,0,30,0,1.0,100.0,0,1,1,1,1
760,95,0,0,30,0,1.0,100.0,0,1,1,1,1
761,95,1,0,30,0,1.0,100.0,0,1,1,1,1
762,95,2,0,30,0,1.0,100.0,0,1,1,1,1
763,95,3,30,0,1,1.0,100.0,0,1,1,1,1
764,95,4,30,0,1,1.0,100.0,0,1,1,1,1
765,95,5,1,29,0,0.9666666666666667,96.66666666666667,1,1,1,0,0
766,95,6,0,30,0,1.0,100.0,0,1,1,1,1
767,95,7,0,30,0,1.0,100.0,0,1,1,1,1
768,96,0,0,30,0,1.0,100.0,0,1,1,1,1
769,96,1,0,30,0,1.0,100.0,0,1,1,1,1
770,96,2,24,6,1,0.8,80.0,6,0,0,0,0
771,96,3,0,30,0,1.0,100.0,0,1,1,1,1
772,96,4,0,30,0,1.0,100.0,0,1,1,1,1
773,96,5,0,30,0,1.0,100.0,0,1,1,1,1
774,96,6,0,30,0,1.0,100.0,0,1,1,1,1
775,96,7,25,5,1,0.8333333333333334,83.33333333333334,5,0,0,0,0
776,97,0,30,0,1,1.0,100.0,0,1,1,1,1
777,97,1,30,0,1,1.0,100.0,0,1,1,1,1
778,97,2,0,30,0,1.0,100.0,0,1,1,1,1
779,97,3,30,0,1,1.0,100.0,0,1,1,1,1
780,97,4,0,30,0,1.0,100.0,0,1,1,1,1
781,97,5,0,30,0,1.0,100.0,0,1,1,1,1
782,97,6,3,27,0,0.9,90.0,3,1,0,0,0
783,97,7,1,29,0,0.9666666666666667,96.66666666666667,1,1,1,0,0
784,98,0,0,30,0,1.0,100.0,0,1,1,1,1
785,98,1,19,11,1,0.6333333333333333,63.33333333333333,11,0,0,0,0
786,98,2,29,1,1,0.9666666666666667,96.66666666666667,1,1,1,0,0
787,98,3,30,0,1,1.0,100.0,0,1,1,1,1
788,98,4,4,26,0,0.8666666666666667,86.66666666666667,4,0,0,0,0
789,98,5,30,0,1,1.0,100.0,0,1,1,1,1
790,98,6,30,0,1,1.0,100.0,0,1,1,1,1
791,98,7,0,30,0,1.0,100.0,0,1,1,1,1
792,99,0,0,30,0,1.0,100.0,0,1,1,1,1
793,99,1,1,29,0,0.9666666666666667,96.66666666666667,1,1,1,0,0
794,99,2,30,0,1,1.0,100.0,0,1,1,1,1
795,99,3,0,30,0,1.0,100.0,0,1,1,1,1
796,99,4,0,30,0,1.0,100.0,0,1,1,1,1
797,99,5,30,0,1,1.0,100.0,0,1,1,1,1
798,99,6,0,30,0,1.0,100.0,0,1,1,1,1
799,99,7,30,0,1,1.0,100.0,0,1,1,1,1
800,100,0,0,30,0,1.0,100.0,0,1,1,1,1
801,100,1,0,30,0,1.0,100.0,0,1,1,1,1
802,100,2,30,0,1,1.0,100.0,0,1,1,1,1
803,100,3,30,0,1,1.0,100.0,0,1,1,1,1
804,100,4,0,30,0,1.0,100.0,0,1,1,1,1
805,100,5,0,30,0,1.0,100.0,0,1,1,1,1
806,100,6,0,30,0,1.0,100.0,0,1,1,1,1
807,100,7,0,30,0,1.0,100.0,0,1,1,1,1
808,101,0,0,30,0,1.0,100.0,0,1,1,1,1
809,101,1,30,0,1,1.0,100.0,0,1,1,1,1
810,101,2,30,0,1,1.0,100.0,0,1,1,1,1
811,101,3,30,0,1,1.0,100.0,0,1,1,1,1
812,101,4,11,19,0,0.6333333333333333,63.33333333333333,11,0,0,0,0
813,101,5,0,30,0,1.0,100.0,0,1,1,1,1
814,101,6,30,0,1,1.0,100.0,0,1,1,1,1
815,101,7,30,0,1,1.0,100.0,0,1,1,1,1
816,102,0,0,30,0,1.0,100.0,0,1,1,1,1
817,102,1,30,0,1,1.0,100.0,0,1,1,1,1
818,102,2,6,24,0,0.8,80.0,6,0,0,0,0
819,102,3,30,0,1,1.0,100.0,0,1,1,1,1
820,102,4,0,30,0,1.0,100.0,0,1,1,1,1
821,102,5,0,30,0,1.0,100.0,0,1,1,1,1
822,102,6,0,30,0,1.0,100.0,0,1,1,1,1
823,102,7,0,30,0,1.0,100.0,0,1,1,1,1
824,103,0,16,14,1,0.5333333333333333,53.333333333333336,14,0,0,0,0
825,103,1,25,5,1,0.8333333333333334,83.33333333333334,5,0,0,0,0
826,103,2,0,30,0,1.0,100.0,0,1,1,1,1
827,103,3,30,0,1,1.0,100.0,0,1,1,1,1
828,103,4,0,30,0,1.0,100.0,0,1,1,1,1
829,103,5,0,30,0,1.0,100.0,0,1,1,1,1
830,103,6,30,0,1,1.0,100.0,0,1,1,1,1
831,103,7,0,30,0,1.0,100.0,0,1,1,1,1
832,104,0,30,0,1,1.0,100.0,0,1,1,1,1
833,104,1,30,0,1,1.0,100.0,0,1,1,1,1
834,104,2,7,23,0,0.7666666666666667,76.66666666666667,7,0,0,0,0
835,104,3,0,30,0,1.0,100.0,0,1,1,1,1
836,104,4,0,30,0,1.0,100.0,0,1,1,1,1
837,104,5,30,0,1,1.0,100.0,0,1,1,1,1
838,104,6,30,0,1,1.0,100.0,0,1,1,1,1
839,104,7,30,0,1,1.0,100.0,0,1,1,1,1
840,105,0,0,30,0,1.0,100.0,0,1,1,1,1
841,105,1,30,0,1,1.0,100.0,0,1,1,1,1
842,105,2,0,30,0,1.0,100.0,0,1,1,1,1
843,105,3,30,0,1,1.0,100.0,0,1,1,1,1
844,105,4,0,30,0,1.0,100.0,0,1,1,1,1
845,105,5,0,30,0,1.0,100.0,0,1,1,1,1
846,105,6,30,0,1,1.0,100.0,0,1,1,1,1
847,105,7,0,30,0,1.0,100.0,0,1,1,1,1
848,106,0,0,30,0,1.0,100.0,0,1,1,1,1
849,106,1,30,0,1,1.0,100.0,0,1,1,1,1
850,106,2,0,30,0,1.0,100.0,0,1,1,1,1
851,106,3,0,30,0,1.0,100.0,0,1,1,1,1
852,106,4,30,0,1,1.0,100.0,0,1,1,1,1
853,106,5,0,30,0,1.0,100.0,0,1,1,1,1
854,106,6,0,30,0,1.0,100.0,0,1,1,1,1
855,106,7,30,0,1,1.0,100.0,0,1,1,1,1
856,107,0,30,0,1,1.0,100.0,0,1,1,1,1
857,107,1,19,11,1,0.6333333333333333,63.33333333333333,11,0,0,0,0
858,107,2,30,0,1,1.0,100.0,0,1,1,1,1
859,107,3,28,2,1,0.9333333333333333,93.33333333333333,2,1,0,0,0
860,107,4,30,0,1,1.0,100.0,0,1,1,1,1
861,107,5,0,30,0,1.0,100.0,0,1,1,1,1
862,107,6,30,0,1,1.0,100.0,0,1,1,1,1
863,107,7,0,30,0,1.0,100.0,0,1,1,1,1
864,108,0,0,30,0,1.0,100.0,0,1,1,1,1
865,108,1,0,30,0,1.0,100.0,0,1,1,1,1
866,108,2,0,30,0,1.0,100.0,0,1,1,1,1
867,108,3,30,0,1,1.0,100.0,0,1,1,1,1
868,108,4,0,30,0,1.0,100.0,0,1,1,1,1
869,108,5,5,25,0,0.8333333333333334,83.33333333333334,5,0,0,0,0
870,108,6,30,0,1,1.0,100.0,0,1,1,1,1
871,108,7,30,0,1,1.0,100.0,0,1,1,1,1
872,109,0,30,0,1,1.0,100.0,0,1,1,1,1
873,109,1,30,0,1,1.0,100.0,0,1,1,1,1
874,109,2,8,22,0,0.7333333333333333,73.33333333333333,8,0,0,0,0
875,109,3,30,0,1,1.0,100.0,0,1,1,1,1
876,109,4,1,29,0,0.9666666666666667,96.66666666666667,1,1,1,0,0
877,109,5,0,30,0,1.0,100.0,0,1,1,1,1
878,109,6,24,6,1,0.8,80.0,6,0,0,0,0
879,109,7,0,30,0,1.0,100.0,0,1,1,1,1
880,110,0,30,0,1,1.0,100.0,0,1,1,1,1
881,110,1,0,30,0,1.0,100.0,0,1,1,1,1
882,110,2,0,30,0,1.0,100.0,0,1,1,1,1
883,110,3,8,22,0,0.7333333333333333,73.33333333333333,8,0,0,0,0
884,110,4,0,30,0,1.0,100.0,0,1,1,1,1
885,110,5,30,0,1,1.0,100.0,0,1,1,1,1
886,110,6,0,30,0,1.0,100.0,0,1,1,1,1
887,110,7,0,30,0,1.0,100.0,0,1,1,1,1
888,111,0,4,26,0,0.8666666666666667,86.66666666666667,4,0,0,0,0
889,111,1,30,0,1,1.0,100.0,0,1,1,1,1
890,111,2,0,30,0,1.0,100.0,0,1,1,1,1
891,111,3,30,0,1,1.0,100.0,0,1,1,1,1
892,111,4,5,25,0,0.8333333333333334,83.33333333333334,5,0,0,0,0
893,111,5,30,0,1,1.0,100.0,0,1,1,1,1
894,111,6,1,29,0,0.9666666666666667,96.66666666666667,1,1,1,0,0
895,111,7,30,0,1,1.0,100.0,0,1,1,1,1
896,112,0,0,30,0,1.0,100.0,0,1,1,1,1
897,112,1,30,0,1,1.0,100.0,0,1,1,1,1
898,112,2,30,0,1,1.0,100.0,0,1,1,1,1
899,112,3,0,30,0,1.0,100.0,0,1,1,1,1
900,112,4,1,29,0,0.9666666666666667,96.66666666666667,1,1,1,0,0
901,112,5,30,0,1,1.0,100.0,0,1,1,1,1
902,112,6,30,0,1,1.0,100.0,0,1,1,1,1
903,112,7,30,0,1,1.0,100.0,0,1,1,1,1
904,113,0,0,30,0,1.0,100.0,0,1,1,1,1
905,113,1,0,30,0,1.0,100.0,0,1,1,1,1
906,113,2,0,30,0,1.0,100.0,0,1,1,1,1
907,113,3,0,30,0,1.0,100.0,0,1,1,1,1
908,113,4,30,0,1,1.0,100.0,0,1,1,1,1
909,113,5,0,30,0,1.0,100.0,0,1,1,1,1
910,113,6,0,30,0,1.0,100.0,0,1,1,1,1
911,113,7,0,30,0,1.0,100.0,0,1,1,1,1
912,114,0,0,30,0,1.0,100.0,0,1,1,1,1
913,114,1,10,20,0,0.6666666666666666,66.66666666666666,10,0,0,0,0
914,114,2,30,0,1,1.0,100.0,0,1,1,1,1
915,114,3,0,30,0,1.0,100.0,0,1,1,1,1
916,114,4,0,30,0,1.0,100.0,0,1,1,1,1
917,114,5,30,0,1,1.0,100.0,0,1,1,1,1
918,114,6,30,0,1,1.0,100.0,0,1,1,1,1
919,114,7,30,0,1,1.0,100.0,0,1,1,1,1
920,115,0,16,14,1,0.5333333333333333,53.333333333333336,14,0,0,0,0
921,115,1,0,30,0,1.0,100.0,0,1,1,1,1
922,115,2,0,30,0,1.0,100.0,0,1,1,1,1
923,115,3,30,0,1,1.0,100.0,0,1,1,1,1
924,115,4,30,0,1,1.0,100.0,0,1,1,1,1
925,115,5,30,0,1,1.0,100.0,0,1,1,1,1
926,115,6,30,0,1,1.0,100.0,0,1,1,1,1
927,115,7,3,27,0,0.9,90.0,3,1,0,0,0
928,116,0,30,0,1,1.0,100.0,0,1,1,1,1
929,116,1,0,30,0,1.0,100.0,0,1,1,1,1
930,116,2,30,0,1,1.0,100.0,0,1,1,1,1
931,116,3,0,30,0,1.0,100.0,0,1,1,1,1
932,116,4,0,30,0,1.0,100.0,0,1,1,1,1
933,116,5,0,30,0,1.0,100.0,0,1,1,1,1
934,116,6,0,30,0,1.0,100.0,0,1,1,1,1
935,116,7,0,30,0,1.0,100.0,0,1,1,1,1
936,117,0,0,30,0,1.0,100.0,0,1,1,1,1
937,117,1,30,0,1,1.0,100.0,0,1,1,1,1
938,117,2,0,30,0,1.0,100.0,0,1,1,1,1
939,117,3,11,19,0,0.6333333333333333,63.33333333333333,11,0,0,0,0
940,117,4,30,0,1,1.0,100.0,0,1,1,1,1
941,117,5,0,30,0,1.0,100.0,0,1,1,1,1
942,117,6,0,30,0,1.0,100.0,0,1,1,1,1
943,117,7,17,13,1,0.5666666666666667,56.666666666666664,13,0,0,0,0
944,118,0,22,8,1,0.7333333333333333,73.33333333333333,8,0,0,0,0
945,118,1,0,30,0,1.0,100.0,0,1,1,1,1
946,118,2,30,0,1,1.0,100.0,0,1,1,1,1
947,118,3,30,0,1,1.0,100.0,0,1,1,1,1
948,118,4,30,0,1,1.0,100.0,0,1,1,1,1
949,118,5,30,0,1,1.0,100.0,0,1,1,1,1
950,118,6,30,0,1,1.0,100.0,0,1,1,1,1
951,118,7,30,0,1,1.0,100.0,0,1,1,1,1
952,119,0,0,30,0,1.0,100.0,0,1,1,1,1
953,119,1,30,0,1,1.0,100.0,0,1,1,1,1
954,119,2,30,0,1,1.0,100.0,0,1,1,1,1
955,119,3,0,30,0,1.0,100.0,0,1,1,1,1
956,119,4,0,30,0,1.0,100.0,0,1,1,1,1
957,119,5,1,29,0,0.9666666666666667,96.66666666666667,1,1,1,0,0
958,119,6,1,29,0,0.9666666666666667,96.66666666666667,1,1,1,0,0
959,119,7,0,30,0,1.0,100.0,0,1,1,1,1
960,120,0,30,0,1,1.0,100.0,0,1,1,1,1
961,120,1,30,0,1,1.0,100.0,0,1,1,1,1
962,120,2,30,0,1,1.0,100.0,0,1,1,1,1
963,120,3,1,29,0,0.9666666666666667,96.66666666666667,1,1,1,0,0
964,120,4,0,30,0,1.0,100.0,0,1,1,1,1
965,120,5,30,0,1,1.0,100.0,0,1,1,1,1
966,120,6,30,0,1,1.0,100.0,0,1,1,1,1
967,120,7,0,30,0,1.0,100.0,0,1,1,1,1
968,121,0,0,30,0,1.0,100.0,0,1,1,1,1
969,121,1,28,2,1,0.9333333333333333,93.33333333333333,2,1,0,0,0
970,121,2,30,0,1,1.0,100.0,0,1,1,1,1
971,121,3,30,0,1,1.0,100.0,0,1,1,1,1
972,121,4,0,30,0,1.0,100.0,0,1,1,1,1
973,121,5,0,30,0,1.0,100.0,0,1,1,1,1
974,121,6,0,30,0,1.0,100.0,0,1,1,1,1
975,121,7,30,0,1,1.0,100.0,0,1,1,1,1
976,122,0,0,30,0,1.0,100.0,0,1,1,1,1
977,122,1,11,19,0,0.6333333333333333,63.33333333333333,11,0,0,0,0
978,122,2,30,0,1,1.0,100.0,0,1,1,1,1
979,122,3,30,0,1,1.0,100.0,0,1,1,1,1
980,122,4,30,0,1,1.0,100.0,0,1,1,1,1
981,122,5,30,0,1,1.0,100.0,0,1,1,1,1
982,122,6,30,0,1,1.0,100.0,0,1,1,1,1
983,122,7,30,0,1,1.0,100.0,0,1,1,1,1
984,123,0,30,0,1,1.0,100.0,0,1,1,1,1
985,123,1,0,30,0,1.0,100.0,0,1,1,1,1
986,123,2,30,0,1,1.0,100.0,0,1,1,1,1
987,123,3,30,0,1,1.0,100.0,0,1,1,1,1
988,123,4,0,30,0,1.0,100.0,0,1,1,1,1
989,123,5,3,27,0,0.9,90.0,3,1,0,0,0
990,123,6,30,0,1,1.0,100.0,0,1,1,1,1
991,123,7,30,0,1,1.0,100.0,0,1,1,1,1
992,124,0,30,0,1,1.0,100.0,0,1,1,1,1
993,124,1,0,30,0,1.0,100.0,0,1,1,1,1
994,124,2,30,0,1,1.0,100.0,0,1,1,1,1
995,124,3,0,30,0,1.0,100.0,0,1,1,1,1
996,124,4,30,0,1,1.0,100.0,0,1,1,1,1
997,124,5,0,30,0,1.0,100.0,0,1,1,1,1
998,124,6,25,5,1,0.8333333333333334,83.33333333333334,5,0,0,0,0
999,124,7,0,30,0,1.0,100.0,0,1,1,1,1
1000,125,0,30,0,1,1.0,100.0,0,1,1,1,1
1001,125,1,30,0,1,1.0,100.0,0,1,1,1,1
1002,125,2,30,0,1,1.0,100.0,0,1,1,1,1
1003,125,3,11,19,0,0.6333333333333333,63.33333333333333,11,0,0,0,0
1004,125,4,26,4,1,0.8666666666666667,86.66666666666667,4,0,0,0,0
1005,125,5,0,30,0,1.0,100.0,0,1,1,1,1
1006,125,6,30,0,1,1.0,100.0,0,1,1,1,1
1007,125,7,1,29,0,0.9666666666666667,96.66666666666667,1,1,1,0,0
1008,126,0,28,2,1,0.9333333333333333,93.33333333333333,2,1,0,0,0
1009,126,1,1,29,0,0.9666666666666667,96.66666666666667,1,1,1,0,0
1010,126,2,0,30,0,1.0,100.0,0,1,1,1,1
1011,126,3,9,21,0,0.7,70.0,9,0,0,0,0
1012,126,4,0,30,0,1.0,100.0,0,1,1,1,1
1013,126,5,30,0,1,1.0,100.0,0,1,1,1,1
1014,126,6,30,0,1,1.0,100.0,0,1,1,1,1
1015,126,7,30,0,1,1.0,100.0,0,1,1,1,1
1016,127,0,0,30,0,1.0,100.0,0,1,1,1,1
1017,127,1,0,30,0,1.0,100.0,0,1,1,1,1
1018,127,2,0,30,0,1.0,100.0,0,1,1,1,1
1019,127,3,0,30,0,1.0,100.0,0,1,1,1,1
1020,127,4,30,0,1,1.0,100.0,0,1,1,1,1
1021,127,5,0,30,0,1.0,100.0,0,1,1,1,1
1022,127,6,0,30,0,1.0,100.0,0,1,1,1,1
1023,127,7,30,0,1,1.0,100.0,0,1,1,1,1
1024,128,0,0,30,0,1.0,100.0,0,1,1,1,1
1025,128,1,0,30,0,1.0,100.0,0,1,1,1,1
1026,128,2,5,25,0,0.8333333333333334,83.33333333333334,5,0,0,0,0
1027,128,3,28,2,1,0.9333333333333333,93.33333333333333,2,1,0,0,0
1028,128,4,0,30,0,1.0,100.0,0,1,1,1,1
1029,128,5,0,30,0,1.0,100.0,0,1,1,1,1
1030,128,6,0,30,0,1.0,100.0,0,1,1,1,1
1031,128,7,30,0,1,1.0,100.0,0,1,1,1,1
1032,129,0,0,30,0,1.0,100.0,0,1,1,1,1
1033,129,1,0,30,0,1.0,100.0,0,1,1,1,1
1034,129,2,0,30,0,1.0,100.0,0,1,1,1,1
1035,129,3,6,24,0,0.8,80.0,6,0,0,0,0
1036,129,4,0,30,0,1.0,100.0,0,1,1,1,1
1037,129,5,0,30,0,1.0,100.0,0,1,1,1,1
1038,129,6,0,30,0,1.0,100.0,0,1,1,1,1
1039,129,7,0,30,0,1.0,100.0,0,1,1,1,1
1040,130,0,0,30,0,1.0,100.0,0,1,1,1,1
1041,130,1,2,28,0,0.9333333333333333,93.33333333333333,2,1,0,0,0
1042,130,2,0,30,0,1.0,100.0,0,1,1,1,1
1043,130,3,30,0,1,1.0,100.0,0,1,1,1,1
1044,130,4,1,29,0,0.9666666666666667,96.66666666666667,1,1,1,0,0
1045,130,5,20,10,1,0.6666666666666666,66.66666666666666,10,0,0,0,0
1046,130,6,0,30,0,1.0,100.0,0,1,1,1,1
1047,130,7,30,0,1,1.0,100.0,0,1,1,1,1
1048,131,0,27,3,1,0.9,90.0,3,1,0,0,0
1049,131,1,15,15,1,0.5,50.0,15,0,0,0,0
1050,131,2,14,16,0,0.5333333333333333,53.333333333333336,14,0,0,0,0
1051,131,3,30,0,1,1.0,100.0,0,1,1,1,1
1052,131,4,0,30,0,1.0,100.0,0,1,1,1,1
1053,131,5,1,29,0,0.9666666666666667,96.66666666666667,1,1,1,0,0
1054,131,6,0,30,0,1.0,100.0,0,1,1,1,1
1055,131,7,30,0,1,1.0,100.0,0,1,1,1,1
1056,132,0,30,0,1,1.0,100.0,0,1,1,1,1
1057,132,1,30,0,1,1.0,100.0,0,1,1,1,1
1058,132,2,30,0,1,1.0,100.0,0,1,1,1,1
1059,132,3,30,0,1,1.0,100.0,0,1,1,1,1
1060,132,4,30,0,1,1.0,100.0,0,1,1,1,1
1061,132,5,30,0,1,1.0,100.0,0,1,1,1,1
1062,132,6,30,0,1,1.0,100.0,0,1,1,1,1
1063,132,7,0,30,0,1.0,100.0,0,1,1,1,1
1064,133,0,30,0,1,1.0,100.0,0,1,1,1,1
1065,133,1,0,30,0,1.0,100.0,0,1,1,1,1
1066,133,2,30,0,1,1.0,100.0,0,1,1,1,1
1067,133,3,29,1,1,0.9666666666666667,96.66666666666667,1,1,1,0,0
1068,133,4,30,0,1,1.0,100.0,0,1,1,1,1
1069,133,5,22,8,1,0.7333333333333333,73.33333333333333,8,0,0,0,0
1070,133,6,30,0,1,1.0,100.0,0,1,1,1,1
1071,133,7,4,26,0,0.8666666666666667,86.66666666666667,4,0,0,0,0
1072,134,0,0,30,0,1.0,100.0,0,1,1,1,1
1073,134,1,1,29,0,0.9666666666666667,96.66666666666667,1,1,1,0,0
1074,134,2,0,30,0,1.0,100.0,0,1,1,1,1
1075,134,3,0,30,0,1.0,100.0,0,1,1,1,1
1076,134,4,0,30,0,1.0,100.0,0,1,1,1,1
1077,134,5,0,30,0,1.0,100.0,0,1,1,1,1
1078,134,6,0,30,0,1.0,100.0,0,1,1,1,1
1079,134,7,30,0,1,1.0,100.0,0,1,1,1,1
1080,135,0,0,30,0,1.0,100.0,0,1,1,1,1
1081,135,1,25,5,1,0.8333333333333334,83.33333333333334,5,0,0,0,0
1082,135,2,30,0,1,1.0,100.0,0,1,1,1,1
1083,135,3,30,0,1,1.0,100.0,0,1,1,1,1
1084,135,4,30,0,1,1.0,100.0,0,1,1,1,1
1085,135,5,30,0,1,1.0,100.0,0,1,1,1,1
1086,135,6,30,0,1,1.0,100.0,0,1,1,1,1
1087,135,7,30,0,1,1.0,100.0,0,1,1,1,1
1088,136,0,0,30,0,1.0,100.0,0,1,1,1,1
1089,136,1,9,21,0,0.7,70.0,9,0,0,0,0
1090,136,2,30,0,1,1.0,100.0,0,1,1,1,1
1091,136,3,0,30,0,1.0,100.0,0,1,1,1,1
1092,136,4,0,30,0,1.0,100.0,0,1,1,1,1
1093,136,5,28,2,1,0.9333333333333333,93.33333333333333,2,1,0,0,0
1094,136,6,30,0,1,1.0,100.0,0,1,1,1,1
1095,136,7,30,0,1,1.0,100.0,0,1,1,1,1
1096,137,0,6,24,0,0.8,80.0,6,0,0,0,0
1097,137,1,30,0,1,1.0,100.0,0,1,1,1,1
1098,137,2,26,4,1,0.8666666666666667,86.66666666666667,4,0,0,0,0
1099,137,3,0,30,0,1.0,100.0,0,1,1,1,1
1100,137,4,30,0,1,1.0,100.0,0,1,1,1,1
1101,137,5,0,30,0,1.0,100.0,0,1,1,1,1
1102,137,6,2,28,0,0.9333333333333333,93.33333333333333,2,1,0,0,0
1103,137,7,30,0,1,1.0,100.0,0,1,1,1,1
1104,138,0,30,0,1,1.0,100.0,0,1,1,1,1
1105,138,1,0,30,0,1.0,100.0,0,1,1,1,1
1106,138,2,30,0,1,1.0,100.0,0,1,1,1,1
1107,138,3,0,30,0,1.0,100.0,0,1,1,1,1
1108,138,4,0,30,0,1.0,100.0,0,1,1,1,1
1109,138,5,0,30,0,1.0,100.0,0,1,1,1,1
1110,138,6,0,30,0,1.0,100.0,0,1,1,1,1
1111,138,7,30,0,1,1.0,100.0,0,1,1,1,1
1112,139,0,30,0,1,1.0,100.0,0,1,1,1,1
1113,139,1,11,19,0,0.6333333333333333,63.33333333333333,11,0,0,0,0
1114,139,2,29,1,1,0.9666666666666667,96.66666666666667,1,1,1,0,0
1115,139,3,30,0,1,1.0,100.0,0,1,1,1,1
1116,139,4,30,0,1,1.0,100.0,0,1,1,1,1
1117,139,5,30,0,1,1.0,100.0,0,1,1,1,1
1118,139,6,0,30,0,1.0,100.0,0,1,1,1,1
1119,139,7,27,3,1,0.9,90.0,3,1,0,0,0
1120,140,0,26,4,1,0.8666666666666667,86.66666666666667,4,0,0,0,0
1121,140,1,0,30,0,1.0,100.0,0,1,1,1,1
1122,140,2,0,30,0,1.0,100.0,0,1,1,1,1
1123,140,3,0,30,0,1.0,100.0,0,1,1,1,1
1124,140,4,0,30,0,1.0,100.0,0,1,1,1,1
1125,140,5,6,24,0,0.8,80.0,6,0,0,0,0
1126,140,6,30,0,1,1.0,100.0,0,1,1,1,1
1127,140,7,30,0,1,1.0,100.0,0,1,1,1,1
1128,141,0,30,0,1,1.0,100.0,0,1,1,1,1
1129,141,1,0,30,0,1.0,100.0,0,1,1,1,1
1130,141,2,0,30,0,1.0,100.0,0,1,1,1,1
1131,141,3,22,8,1,0.7333333333333333,73.33333333333333,8,0,0,0,0
1132,141,4,30,0,1,1.0,100.0,0,1,1,1,1
1133,141,5,0,30,0,1.0,100.0,0,1,1,1,1
1134,141,6,15,15,1,0.5,50.0,15,0,0,0,0
1135,141,7,2,28,0,0.9333333333333333,93.33333333333333,2,1,0,0,0
1136,142,0,0,30,0,1.0,100.0,0,1,1,1,1
1137,142,1,0,30,0,1.0,100.0,0,1,1,1,1
1138,142,2,1,29,0,0.9666666666666667,96.66666666666667,1,1,1,0,0
1139,142,3,30,0,1,1.0,100.0,0,1,1,1,1
1140,142,4,0,30,0,1.0,100.0,0,1,1,1,1
1141,142,5,0,30,0,1.0,100.0,0,1,1,1,1
1142,142,6,30,0,1,1.0,100.0,0,1,1,1,1
1143,142,7,0,30,0,1.0,100.0,0,1,1,1,1
1144,143,0,0,30,0,1.0,100.0,0,1,1,1,1
1145,143,1,0,30,0,1.0,100.0,0,1,1,1,1
1146,143,2,0,30,0,1.0,100.0,0,1,1,1,1
1147,143,3,0,30,0,1.0,100.0,0,1,1,1,1
1148,143,4,0,30,0,1.0,100.0,0,1,1,1,1
1149,143,5,24,6,1,0.8,80.0,6,0,0,0,0
1150,143,6,0,30,0,1.0,100.0,0,1,1,1,1
1151,143,7,22,8,1,0.7333333333333333,73.33333333333333,8,0,0,0,0
1152,144,0,30,0,1,1.0,100.0,0,1,1,1,1
1153,144,1,0,30,0,1.0,100.0,0,1,1,1,1
1154,144,2,30,0,1,1.0,100.0,0,1,1,1,1
1155,144,3,0,30,0,1.0,100.0,0,1,1,1,1
1156,144,4,30,0,1,1.0,100.0,0,1,1,1,1
1157,144,5,0,30,0,1.0,100.0,0,1,1,1,1
1158,144,6,0,30,0,1.0,100.0,0,1,1,1,1
1159,144,7,0,30,0,1.0,100.0,0,1,1,1,1
1160,145,0,0,30,0,1.0,100.0,0,1,1,1,1
1161,145,1,26,4,1,0.8666666666666667,86.66666666666667,4,0,0,0,0
1162,145,2,0,30,0,1.0,100.0,0,1,1,1,1
1163,145,3,0,30,0,1.0,100.0,0,1,1,1,1
1164,145,4,30,0,1,1.0,100.0,0,1,1,1,1
1165,145,5,0,30,0,1.0,100.0,0,1,1,1,1
1166,145,6,30,0,1,1.0,100.0,0,1,1,1,1
1167,145,7,30,0,1,1.0,100.0,0,1,1,1,1
1168,146,0,0,30,0,1.0,100.0,0,1,1,1,1
1169,146,1,29,1,1,0.9666666666666667,96.66666666666667,1,1,1,0,0
1170,146,2,30,0,1,1.0,100.0,0,1,1,1,1
1171,146,3,0,30,0,1.0,100.0,0,1,1,1,1
1172,146,4,11,19,0,0.6333333333333333,63.33333333333333,11,0,0,0,0
1173,146,5,0,30,0,1.0,100.0,0,1,1,1,1
1174,146,6,30,0,1,1.0,100.0,0,1,1,1,1
1175,146,7,30,0,1,1.0,100.0,0,1,1,1,1
1176,147,0,30,0,1,1.0,100.0,0,1,1,1,1
1177,147,1,30,0,1,1.0,100.0,0,1,1,1,1
1178,147,2,0,30,0,1.0,100.0,0,1,1,1,1
1179,147,3,30,0,1,1.0,100.0,0,1,1,1,1
1180,147,4,30,0,1,1.0,100.0,0,1,1,1,1
1181,147,5,25,5,1,0.8333333333333334,83.33333333333334,5,0,0,0,0
1182,147,6,30,0,1,1.0,100.0,0,1,1,1,1
1183,147,7,1,29,0,0.9666666666666667,96.66666666666667,1,1,1,0,0
1184,148,0,30,0,1,1.0,100.0,0,1,1,1,1
1185,148,1,0,30,0,1.0,100.0,0,1,1,1,1
1186,148,2,30,0,1,1.0,100.0,0,1,1,1,1
1187,148,3,0,30,0,1.0,100.0,0,1,1,1,1
1188,148,4,9,21,0,0.7,70.0,9,0,0,0,0
1189,148,5,0,30,0,1.0,100.0,0,1,1,1,1
1190,148,6,25,5,1,0.8333333333333334,83.33333333333334,5,0,0,0,0
1191,148,7,0,30,0,1.0,100.0,0,1,1,1,1
1192,149,0,30,0,1,1.0,100.0,0,1,1,1,1
1193,149,1,23,7,1,0.7666666666666667,76.66666666666667,7,0,0,0,0
1194,149,2,30,0,1,1.0,100.0,0,1,1,1,1
1195,149,3,30,0,1,1.0,100.0,0,1,1,1,1
1196,149,4,0,30,0,1.0,100.0,0,1,1,1,1
1197,149,5,30,0,1,1.0,100.0,0,1,1,1,1
1198,149,6,0,30,0,1.0,100.0,0,1,1,1,1
1199,149,7,30,0,1,1.0,100.0,0,1,1,1,1
1200,150,0,30,0,1,1.0,100.0,0,1,1,1,1
1201,150,1,30,0,1,1.0,100.0,0,1,1,1,1
1202,150,2,0,30,0,1.0,100.0,0,1,1,1,1
1203,150,3,0,30,0,1.0,100.0,0,1,1,1,1
1204,150,4,1,29,0,0.9666666666666667,96.66666666666667,1,1,1,0,0
1205,150,5,0,30,0,1.0,100.0,0,1,1,1,1
1206,150,6,18,12,1,0.6,60.0,12,0,0,0,0
1207,150,7,30,0,1,1.0,100.0,0,1,1,1,1
1208,151,0,0,30,0,1.0,100.0,0,1,1,1,1
1209,151,1,0,30,0,1.0,100.0,0,1,1,1,1
1210,151,2,16,14,1,0.5333333333333333,53.333333333333336,14,0,0,0,0
1211,151,3,30,0,1,1.0,100.0,0,1,1,1,1
1212,151,4,30,0,1,1.0,100.0,0,1,1,1,1
1213,151,5,0,30,0,1.0,100.0,0,1,1,1,1
1214,151,6,30,0,1,1.0,100.0,0,1,1,1,1
1215,151,7,30,0,1,1.0,100.0,0,1,1,1,1
1216,152,0,0,30,0,1.0,100.0,0,1,1,1,1
1217,152,1,0,30,0,1.0,100.0,0,1,1,1,1
1218,152,2,1,29,0,0.9666666666666667,96.66666666666667,1,1,1,0,0
1219,152,3,30,0,1,1.0,100.0,0,1,1,1,1
1220,152,4,0,30,0,1.0,100.0,0,1,1,1,1
1221,152,5,30,0,1,1.0,100.0,0,1,1,1,1
1222,152,6,30,0,1,1.0,100.0,0,1,1,1,1
1223,152,7,0,30,0,1.0,100.0,0,1,1,1,1
1224,153,0,30,0,1,1.0,100.0,0,1,1,1,1
1225,153,1,30,0,1,1.0,100.0,0,1,1,1,1
1226,153,2,30,0,1,1.0,100.0,0,1,1,1,1
1227,153,3,30,0,1,1.0,100.0,0,1,1,1,1
1228,153,4,30,0,1,1.0,100.0,0,1,1,1,1
1229,153,5,30,0,1,1.0,100.0,0,1,1,1,1
1230,153,6,30,0,1,1.0,100.0,0,1,1,1,1
1231,153,7,29,1,1,0.9666666666666667,96.66666666666667,1,1,1,0,0
1232,154,0,30,0,1,1.0,100.0,0,1,1,1,1
1233,154,1,0,30,0,1.0,100.0,0,1,1,1,1
1234,154,2,29,1,1,0.9666666666666667,96.66666666666667,1,1,1,0,0
1235,154,3,30,0,1,1.0,100.0,0,1,1,1,1
1236,154,4,30,0,1,1.0,100.0,0,1,1,1,1
1237,154,5,28,2,1,0.9333333333333333,93.33333333333333,2,1,0,0,0
1238,154,6,30,0,1,1.0,100.0,0,1,1,1,1
1239,154,7,1,29,0,0.9666666666666667,96.66666666666667,1,1,1,0,0
1240,155,0,0,30,0,1.0,100.0,0,1,1,1,1
1241,155,1,30,0,1,1.0,100.0,0,1,1,1,1
1242,155,2,0,30,0,1.0,100.0,0,1,1,1,1
1243,155,3,29,1,1,0.9666666666666667,96.66666666666667,1,1,1,0,0
1244,155,4,29,1,1,0.9666666666666667,96.66666666666667,1,1,1,0,0
1245,155,5,3,27,0,0.9,90.0,3,1,0,0,0
1246,155,6,0,30,0,1.0,100.0,0,1,1,1,1
1247,155,7,30,0,1,1.0,100.0,0,1,1,1,1
1248,156,0,0,30,0,1.0,100.0,0,1,1,1,1
1249,156,1,0,30,0,1.0,100.0,0,1,1,1,1
1250,156,2,4,26,0,0.8666666666666667,86.66666666666667,4,0,0,0,0
1251,156,3,0,30,0,1.0,100.0,0,1,1,1,1
1252,156,4,0,30,0,1.0,100.0,0,1,1,1,1
1253,156,5,0,30,0,1.0,100.0,0,1,1,1,1
1254,156,6,30,0,1,1.0,100.0,0,1,1,1,1
1255,156,7,0,30,0,1.0,100.0,0,1,1,1,1
1256,157,0,30,0,1,1.0,100.0,0,1,1,1,1
1257,157,1,0,30,0,1.0,100.0,0,1,1,1,1
1258,157,2,2,28,0,0.9333333333333333,93.33333333333333,2,1,0,0,0
1259,157,3,0,30,0,1.0,100.0,0,1,1,1,1
1260,157,4,0,30,0,1.0,100.0,0,1,1,1,1
1261,157,5,0,30,0,1.0,100.0,0,1,1,1,1
1262,157,6,18,12,1,0.6,60.0,12,0,0,0,0
1263,157,7,0,30,0,1.0,100.0,0,1,1,1,1
1264,158,0,30,0,1,1.0,100.0,0,1,1,1,1
1265,158,1,24,6,1,0.8,80.0,6,0,0,0,0
1266,158,2,0,30,0,1.0,100.0,0,1,1,1,1
1267,158,3,0,30,0,1.0,100.0,0,1,1,1,1
1268,158,4,0,30,0,1.0,100.0,0,1,1,1,1
1269,158,5,30,0,1,1.0,100.0,0,1,1,1,1
1270,158,6,0,30,0,1.0,100.0,0,1,1,1,1
1271,158,7,0,30,0,1.0,100.0,0,1,1,1,1
1272,159,0,0,30,0,1.0,100.0,0,1,1,1,1
1273,159,1,30,0,1,1.0,100.0,0,1,1,1,1
1274,159,2,30,0,1,1.0,100.0,0,1,1,1,1
1275,159,3,30,0,1,1.0,100.0,0,1,1,1,1
1276,159,4,30,0,1,1.0,100.0,0,1,1,1,1
1277,159,5,0,30,0,1.0,100.0,0,1,1,1,1
1278,159,6,30,0,1,1.0,100.0,0,1,1,1,1
1279,159,7,30,0,1,1.0,100.0,0,1,1,1,1
1280,160,0,0,30,0,1.0,100.0,0,1,1,1,1
1281,160,1,0,30,0,1.0,100.0,0,1,1,1,1
1282,160,2,30,0,1,1.0,100.0,0,1,1,1,1
1283,160,3,0,30,0,1.0,100.0,0,1,1,1,1
1284,160,4,30,0,1,1.0,100.0,0,1,1,1,1
1285,160,5,21,9,1,0.7,70.0,9,0,0,0,0
1286,160,6,30,0,1,1.0,100.0,0,1,1,1,1
1287,160,7,3,27,0,0.9,90.0,3,1,0,0,0
1288,161,0,0,30,0,1.0,100.0,0,1,1,1,1
1289,161,1,30,0,1,1.0,100.0,0,1,1,1,1
1290,161,2,30,0,1,1.0,100.0,0,1,1,1,1
1291,161,3,0,30,0,1.0,100.0,0,1,1,1,1
1292,161,4,30,0,1,1.0,100.0,0,1,1,1,1
1293,161,5,30,0,1,1.0,100.0,0,1,1,1,1
1294,161,6,30,0,1,1.0,100.0,0,1,1,1,1
1295,161,7,30,0,1,1.0,100.0,0,1,1,1,1
1296,162,0,30,0,1,1.0,100.0,0,1,1,1,1
1297,162,1,30,0,1,1.0,100.0,0,1,1,1,1
1298,162,2,30,0,1,1.0,100.0,0,1,1,1,1
1299,162,3,30,0,1,1.0,100.0,0,1,1,1,1
1300,162,4,0,30,0,1.0,100.0,0,1,1,1,1
1301,162,5,30,0,1,1.0,100.0,0,1,1,1,1
1302,162,6,28,2,1,0.9333333333333333,93.33333333333333,2,1,0,0,0
1303,162,7,0,30,0,1.0,100.0,0,1,1,1,1
1304,163,0,30,0,1,1.0,100.0,0,1,1,1,1
1305,163,1,30,0,1,1.0,100.0,0,1,1,1,1
1306,163,2,6,24,0,0.8,80.0,6,0,0,0,0
1307,163,3,24,6,1,0.8,80.0,6,0,0,0,0
1308,163,4,30,0,1,1.0,100.0,0,1,1,1,1
1309,163,5,30,0,1,1.0,100.0,0,1,1,1,1
1310,163,6,30,0,1,1.0,100.0,0,1,1,1,1
1311,163,7,0,30,0,1.0,100.0,0,1,1,1,1
1312,164,0,0,30,0,1.0,100.0,0,1,1,1,1
1313,164,1,0,30,0,1.0,100.0,0,1,1,1,1
1314,164,2,30,0,1,1.0,100.0,0,1,1,1,1
1315,164,3,30,0,1,1.0,100.0,0,1,1,1,1
1316,164,4,29,1,1,0.9666666666666667,96.66666666666667,1,1,1,0,0
1317,164,5,0,30,0,1.0,100.0,0,1,1,1,1
1318,164,6,4,26,0,0.8666666666666667,86.66666666666667,4,0,0,0,0
1319,164,7,0,30,0,1.0,100.0,0,1,1,1,1
1320,165,0,30,0,1,1.0,100.0,0,1,1,1,1
1321,165,1,0,30,0,1.0,100.0,0,1,1,1,1
1322,165,2,0,30,0,1.0,100.0,0,1,1,1,1
1323,165,3,0,30,0,1.0,100.0,0,1,1,1,1
1324,165,4,0,30,0,1.0,100.0,0,1,1,1,1
1325,165,5,2,28,0,0.9333333333333333,93.33333333333333,2,1,0,0,0
1326,165,6,30,0,1,1.0,100.0,0,1,1,1,1
1327,165,7,30,0,1,1.0,100.0,0,1,1,1,1
1328,166,0,0,30,0,1.0,100.0,0,1,1,1,1
1329,166,1,30,0,1,1.0,100.0,0,1,1,1,1
1330,166,2,0,30,0,1.0,100.0,0,1,1,1,1
1331,166,3,0,30,0,1.0,100.0,0,1,1,1,1
1332,166,4,0,30,0,1.0,100.0,0,1,1,1,1
1333,166,5,29,1,1,0.9666666666666667,96.66666666666667,1,1,1,0,0
1334,166,6,30,0,1,1.0,100.0,0,1,1,1,1
1335,166,7,0,30,0,1.0,100.0,0,1,1,1,1
1336,167,0,30,0,1,1.0,100.0,0,1,1,1,1
1337,167,1,30,0,1,1.0,100.0,0,1,1,1,1
1338,167,2,0,30,0,1.0,100.0,0,1,1,1,1
1339,167,3,9,21,0,0.7,70.0,9,0,0,0,0
1340,167,4,0,30,0,1.0,100.0,0,1,1,1,1
1341,167,5,14,16,0,0.5333333333333333,53.333333333333336,14,0,0,0,0
1342,167,6,27,3,1,0.9,90.0,3,1,0,0,0
1343,167,7,30,0,1,1.0,100.0,0,1,1,1,1
1344,168,0,30,0,1,1.0,100.0,0,1,1,1,1
1345,168,1,30,0,1,1.0,100.0,0,1,1,1,1
1346,168,2,30,0,1,1.0,100.0,0,1,1,1,1
1347,168,3,0,30,0,1.0,100.0,0,1,1,1,1
1348,168,4,23,7,1,0.7666666666666667,76.66666666666667,7,0,0,0,0
1349,168,5,29,1,1,0.9666666666666667,96.66666666666667,1,1,1,0,0
1350,168,6,30,0,1,1.0,100.0,0,1,1,1,1
1351,168,7,0,30,0,1.0,100.0,0,1,1,1,1
1352,169,0,30,0,1,1.0,100.0,0,1,1,1,1
1353,169,1,0,30,0,1.0,100.0,0,1,1,1,1
1354,169,2,12,18,0,0.6,60.0,12,0,0,0,0
1355,169,3,0,30,0,1.0,100.0,0,1,1,1,1
1356,169,4,30,0,1,1.0,100.0,0,1,1,1,1
1357,169,5,0,30,0,1.0,100.0,0,1,1,1,1
1358,169,6,0,30,0,1.0,100.0,0,1,1,1,1
1359,169,7,0,30,0,1.0,100.0,0,1,1,1,1
1360,170,0,0,30,0,1.0,100.0,0,1,1,1,1
1361,170,1,12,18,0,0.6,60.0,12,0,0,0,0
1362,170,2,30,0,1,1.0,100.0,0,1,1,1,1
1363,170,3,30,0,1,1.0,100.0,0,1,1,1,1
1364,170,4,30,0,1,1.0,100.0,0,1,1,1,1
1365,170,5,26,4,1,0.8666666666666667,86.66666666666667,4,0,0,0,0
1366,170,6,0,30,0,1.0,100.0,0,1,1,1,1
1367,170,7,30,0,1,1.0,100.0,0,1,1,1,1
1368,171,0,0,30,0,1.0,100.0,0,1,1,1,1
1369,171,1,30,0,1,1.0,100.0,0,1,1,1,1
1370,171,2,29,1,1,0.9666666666666667,96.66666666666667,1,1,1,0,0
1371,171,3,0,30,0,1.0,100.0,0,1,1,1,1
1372,171,4,29,1,1,0.9666666666666667,96.66666666666667,1,1,1,0,0
1373,171,5,2,28,0,0.9333333333333333,93.33333333333333,2,1,0,0,0
1374,171,6,30,0,1,1.0,100.0,0,1,1,1,1
1375,171,7,0,30,0,1.0,100.0,0,1,1,1,1
1376,172,0,4,26,0,0.8666666666666667,86.66666666666667,4,0,0,0,0
1377,172,1,0,30,0,1.0,100.0,0,1,1,1,1
1378,172,2,0,30,0,1.0,100.0,0,1,1,1,1
1379,172,3,0,30,0,1.0,100.0,0,1,1,1,1
1380,172,4,30,0,1,1.0,100.0,0,1,1,1,1
1381,172,5,30,0,1,1.0,100.0,0,1,1,1,1
1382,172,6,30,0,1,1.0,100.0,0,1,1,1,1
1383,172,7,30,0,1,1.0,100.0,0,1,1,1,1
1384,173,0,30,0,1,1.0,100.0,0,1,1,1,1
1385,173,1,0,30,0,1.0,100.0,0,1,1,1,1
1386,173,2,0,30,0,1.0,100.0,0,1,1,1,1
1387,173,3,7,23,0,0.7666666666666667,76.66666666666667,7,0,0,0,0
1388,173,4,30,0,1,1.0,100.0,0,1,1,1,1
1389,173,5,30,0,1,1.0,100.0,0,1,1,1,1
1390,173,6,0,30,0,1.0,100.0,0,1,1,1,1
1391,173,7,0,30,0,1.0,100.0,0,1,1,1,1
1392,174,0,0,30,0,1.0,100.0,0,1,1,1,1
1393,174,1,1,29,0,0.9666666666666667,96.66666666666667,1,1,1,0,0
1394,174,2,30,0,1,1.0,100.0,0,1,1,1,1
1395,174,3,30,0,1,1.0,100.0,0,1,1,1,1
1396,174,4,0,30,0,1.0,100.0,0,1,1,1,1
1397,174,5,0,30,0,1.0,100.0,0,1,1,1,1
1398,174,6,0,30,0,1.0,100.0,0,1,1,1,1
1399,174,7,13,17,0,0.5666666666666667,56.666666666666664,13,0,0,0,0
1400,175,0,28,2,1,0.9333333333333333,93.33333333333333,2,1,0,0,0
1401,175,1,25,5,1,0.8333333333333334,83.33333333333334,5,0,0,0,0
1402,175,2,0,30,0,1.0,100.0,0,1,1,1,1
1403,175,3,30,0,1,1.0,100.0,0,1,1,1,1
1404,175,4,13,17,0,0.5666666666666667,56.666666666666664,13,0,0,0,0
1405,175,5,0,30,0,1.0,100.0,0,1,1,1,1
1406,175,6,30,0,1,1.0,100.0,0,1,1,1,1
1407,175,7,0,30,0,1.0,100.0,0,1,1,1,1
1408,176,0,30,0,1,1.0,100.0,0,1,1,1,1
1409,176,1,11,19,0,0.6333333333333333,63.33333333333333,11,0,0,0,0
1410,176,2,0,30,0,1.0,100.0,0,1,1,1,1
1411,176,3,0,30,0,1.0,100.0,0,1,1,1,1
1412,176,4,30,0,1,1.0,100.0,0,1,1,1,1
1413,176,5,0,30,0,1.0,100.0,0,1,1,1,1
1414,176,6,0,30,0,1.0,100.0,0,1,1,1,1
1415,176,7,30,0,1,1.0,100.0,0,1,1,1,1
1416,177,0,30,0,1,1.0,100.0,0,1,1,1,1
1417,177,1,5,25,0,0.8333333333333334,83.33333333333334,5,0,0,0,0
1418,177,2,0,30,0,1.0,100.0,0,1,1,1,1
1419,177,3,1,29,0,0.9666666666666667,96.66666666666667,1,1,1,0,0
1420,177,4,0,30,0,1.0,100.0,0,1,1,1,1
1421,177,5,30,0,1,1.0,100.0,0,1,1,1,1
1422,177,6,0,30,0,1.0,100.0,0,1,1,1,1
1423,177,7,1,29,0,0.9666666666666667,96.66666666666667,1,1,1,0,0
1424,178,0,23,7,1,0.7666666666666667,76.66666666666667,7,0,0,0,0
1425,178,1,30,0,1,1.0,100.0,0,1,1,1,1
1426,178,2,28,2,1,0.9333333333333333,93.33333333333333,2,1,0,0,0
1427,178,3,11,19,0,0.6333333333333333,63.33333333333333,11,0,0,0,0
1428,178,4,1,29,0,0.9666666666666667,96.66666666666667,1,1,1,0,0
1429,178,5,30,0,1,1.0,100.0,0,1,1,1,1
1430,178,6,0,30,0,1.0,100.0,0,1,1,1,1
1431,178,7,0,30,0,1.0,100.0,0,1,1,1,1
1432,179,0,30,0,1,1.0,100.0,0,1,1,1,1
1433,179,1,29,1,1,0.9666666666666667,96.66666666666667,1,1,1,0,0
1434,179,2,30,0,1,1.0,100.0,0,1,1,1,1
1435,179,3,30,0,1,1.0,100.0,0,1,1,1,1
1436,179,4,30,0,1,1.0,100.0,0,1,1,1,1
1437,179,5,0,30,0,1.0,100.0,0,1,1,1,1
1438,179,6,30,0,1,1.0,100.0,0,1,1,1,1
1439,179,7,0,30,0,1.0,100.0,0,1,1,1,1
1440,180,0,30,0,1,1.0,100.0,0,1,1,1,1
1441,180,1,30,0,1,1.0,100.0,0,1,1,1,1
1442,180,2,30,0,1,1.0,100.0,0,1,1,1,1
1443,180,3,0,30,0,1.0,100.0,0,1,1,1,1
1444,180,4,0,30,0,1.0,100.0,0,1,1,1,1
1445,180,5,0,30,0,1.0,100.0,0,1,1,1,1
1446,180,6,30,0,1,1.0,100.0,0,1,1,1,1
1447,180,7,0,30,0,1.0,100.0,0,1,1,1,1
1448,181,0,0,30,0,1.0,100.0,0,1,1,1,1
1449,181,1,30,0,1,1.0,100.0,0,1,1,1,1
1450,181,2,30,0,1,1.0,100.0,0,1,1,1,1
1451,181,3,30,0,1,1.0,100.0,0,1,1,1,1
1452,181,4,0,30,0,1.0,100.0,0,1,1,1,1
1453,181,5,30,0,1,1.0,100.0,0,1,1,1,1
1454,181,6,30,0,1,1.0,100.0,0,1,1,1,1
1455,181,7,0,30,0,1.0,100.0,0,1,1,1,1
1456,182,0,30,0,1,1.0,100.0,0,1,1,1,1
1457,182,1,30,0,1,1.0,100.0,0,1,1,1,1
1458,182,2,30,0,1,1.0,100.0,0,1,1,1,1
1459,182,3,18,12,1,0.6,60.0,12,0,0,0,0
1460,182,4,0,30,0,1.0,100.0,0,1,1,1,1
1461,182,5,0,30,0,1.0,100.0,0,1,1,1,1
1462,182,6,3,27,0,0.9,90.0,3,1,0,0,0
1463,182,7,30,0,1,1.0,100.0,0,1,1,1,1
1464,183,0,30,0,1,1.0,100.0,0,1,1,1,1
1465,183,1,3,27,0,0.9,90.0,3,1,0,0,0
1466,183,2,19,11,1,0.6333333333333333,63.33333333333333,11,0,0,0,0
1467,183,3,0,30,0,1.0,100.0,0,1,1,1,1
1468,183,4,30,0,1,1.0,100.0,0,1,1,1,1
1469,183,5,30,0,1,1.0,100.0,0,1,1,1,1
1470,183,6,0,30,0,1.0,100.0,0,1,1,1,1
1471,183,7,2,28,0,0.9333333333333333,93.33333333333333,2,1,0,0,0
1472,184,0,30,0,1,1.0,100.0,0,1,1,1,1
1473,184,1,0,30,0,1.0,100.0,0,1,1,1,1
1474,184,2,0,30,0,1.0,100.0,0,1,1,1,1
1475,184,3,3,27,0,0.9,90.0,3,1,0,0,0
1476,184,4,13,17,0,0.5666666666666667,56.666666666666664,13,0,0,0,0
1477,184,5,30,0,1,1.0,100.0,0,1,1,1,1
1478,184,6,0,30,0,1.0,100.0,0,1,1,1,1
1479,184,7,0,30,0,1.0,100.0,0,1,1,1,1
1480,185,0,18,12,1,0.6,60.0,12,0,0,0,0
1481,185,1,30,0,1,1.0,100.0,0,1,1,1,1
1482,185,2,0,30,0,1.0,100.0,0,1,1,1,1
1483,185,3,30,0,1,1.0,100.0,0,1,1,1,1
1484,185,4,30,0,1,1.0,100.0,0,1,1,1,1
1485,185,5,0,30,0,1.0,100.0,0,1,1,1,1
1486,185,6,0,30,0,1.0,100.0,0,1,1,1,1
1487,185,7,0,30,0,1.0,100.0,0,1,1,1,1
1488,186,0,8,22,0,0.7333333333333333,73.33333333333333,8,0,0,0,0
1489,186,1,30,0,1,1.0,100.0,0,1,1,1,1
1490,186,2,0,30,0,1.0,100.0,0,1,1,1,1
1491,186,3,0,30,0,1.0,100.0,0,1,1,1,1
1492,186,4,0,30,0,1.0,100.0,0,1,1,1,1
1493,186,5,30,0,1,1.0,100.0,0,1,1,1,1
1494,186,6,4,26,0,0.8666666666666667,86.66666666666667,4,0,0,0,0
1495,186,7,0,30,0,1.0,100.0,0,1,1,1,1
1496,187,0,30,0,1,1.0,100.0,0,1,1,1,1
1497,187,1,28,2,1,0.9333333333333333,93.33333333333333,2,1,0,0,0
1498,187,2,23,7,1,0.7666666666666667,76.66666666666667,7,0,0,0,0
1499,187,3,30,0,1,1.0,100.0,0,1,1,1,1
1500,187,4,0,30,0,1.0,100.0,0,1,1,1,1
1501,187,5,30,0,1,1.0,100.0,0,1,1,1,1
1502,187,6,29,1,1,0.9666666666666667,96.66666666666667,1,1,1,0,0
1503,187,7,0,30,0,1.0,100.0,0,1,1,1,1
1504,188,0,0,30,0,1.0,100.0,0,1,1,1,1
1505,188,1,30,0,1,1.0,100.0,0,1,1,1,1
1506,188,2,1,29,0,0.9666666666666667,96.66666666666667,1,1,1,0,0
1507,188,3,30,0,1,1.0,100.0,0,1,1,1,1
1508,188,4,30,0,1,1.0,100.0,0,1,1,1,1
1509,188,5,30,0,1,1.0,100.0,0,1,1,1,1
1510,188,6,30,0,1,1.0,100.0,0,1,1,1,1
1511,188,7,30,0,1,1.0,100.0,0,1,1,1,1
1512,189,0,27,3,1,0.9,90.0,3,1,0,0,0
1513,189,1,30,0,1,1.0,100.0,0,1,1,1,1
1514,189,2,30,0,1,1.0,100.0,0,1,1,1,1
1515,189,3,29,1,1,0.9666666666666667,96.66666666666667,1,1,1,0,0
1516,189,4,30,0,1,1.0,100.0,0,1,1,1,1
1517,189,5,30,0,1,1.0,100.0,0,1,1,1,1
1518,189,6,30,0,1,1.0,100.0,0,1,1,1,1
1519,189,7,1,29,0,0.9666666666666667,96.66666666666667,1,1,1,0,0
1520,190,0,0,30,0,1.0,100.0,0,1,1,1,1
1521,190,1,0,30,0,1.0,100.0,0,1,1,1,1
1522,190,2,13,17,0,0.5666666666666667,56.666666666666664,13,0,0,0,0
1523,190,3,0,30,0,1.0,100.0,0,1,1,1,1
1524,190,4,0,30,0,1.0,100.0,0,1,1,1,1
1525,190,5,1,29,0,0.9666666666666667,96.66666666666667,1,1,1,0,0
1526,190,6,30,0,1,1.0,100.0,0,1,1,1,1
1527,190,7,0,30,0,1.0,100.0,0,1,1,1,1
1528,191,0,30,0,1,1.0,100.0,0,1,1,1,1
1529,191,1,0,30,0,1.0,100.0,0,1,1,1,1
1530,191,2,30,0,1,1.0,100.0,0,1,1,1,1
1531,191,3,30,0,1,1.0,100.0,0,1,1,1,1
1532,191,4,0,30,0,1.0,100.0,0,1,1,1,1
1533,191,5,30,0,1,1.0,100.0,0,1,1,1,1
1534,191,6,0,30,0,1.0,100.0,0,1,1,1,1
1535,191,7,0,30,0,1.0,100.0,0,1,1,1,1
1536,192,0,30,0,1,1.0,100.0,0,1,1,1,1
1537,192,1,30,0,1,1.0,100.0,0,1,1,1,1
1538,192,2,0,30,0,1.0,100.0,0,1,1,1,1
1539,192,3,30,0,1,1.0,100.0,0,1,1,1,1
1540,192,4,0,30,0,1.0,100.0,0,1,1,1,1
1541,192,5,0,30,0,1.0,100.0,0,1,1,1,1
1542,192,6,1,29,0,0.9666666666666667,96.66666666666667,1,1,1,0,0
1543,192,7,0,30,0,1.0,100.0,0,1,1,1,1
1544,193,0,3,27,0,0.9,90.0,3,1,0,0,0
1545,193,1,0,30,0,1.0,100.0,0,1,1,1,1
1546,193,2,30,0,1,1.0,100.0,0,1,1,1,1
1547,193,3,30,0,1,1.0,100.0,0,1,1,1,1
1548,193,4,0,30,0,1.0,100.0,0,1,1,1,1
1549,193,5,1,29,0,0.9666666666666667,96.66666666666667,1,1,1,0,0
1550,193,6,17,13,1,0.5666666666666667,56.666666666666664,13,0,0,0,0
1551,193,7,0,30,0,1.0,100.0,0,1,1,1,1
1552,194,0,0,30,0,1.0,100.0,0,1,1,1,1
1553,194,1,0,30,0,1.0,100.0,0,1,1,1,1
1554,194,2,30,0,1,1.0,100.0,0,1,1,1,1
1555,194,3,30,0,1,1.0,100.0,0,1,1,1,1
1556,194,4,0,30,0,1.0,100.0,0,1,1,1,1
1557,194,5,7,23,0,0.7666666666666667,76.66666666666667,7,0,0,0,0
1558,194,6,30,0,1,1.0,100.0,0,1,1,1,1
1559,194,7,30,0,1,1.0,100.0,0,1,1,1,1
1560,195,0,30,0,1,1.0,100.0,0,1,1,1,1
1561,195,1,0,30,0,1.0,100.0,0,1,1,1,1
1562,195,2,0,30,0,1.0,100.0,0,1,1,1,1
1563,195,3,24,6,1,0.8,80.0,6,0,0,0,0
1564,195,4,6,24,0,0.8,80.0,6,0,0,0,0
1565,195,5,30,0,1,1.0,100.0,0,1,1,1,1
1566,195,6,6,24,0,0.8,80.0,6,0,0,0,0
1567,195,7,0,30,0,1.0,100.0,0,1,1,1,1
1568,196,0,0,30,0,1.0,100.0,0,1,1,1,1
1569,196,1,29,1,1,0.9666666666666667,96.66666666666667,1,1,1,0,0
1570,196,2,30,0,1,1.0,100.0,0,1,1,1,1
1571,196,3,2,28,0,0.9333333333333333,93.33333333333333,2,1,0,0,0
1572,196,4,18,12,1,0.6,60.0,12,0,0,0,0
1573,196,5,30,0,1,1.0,100.0,0,1,1,1,1
1574,196,6,30,0,1,1.0,100.0,0,1,1,1,1
1575,196,7,30,0,1,1.0,100.0,0,1,1,1,1
1576,197,0,30,0,1,1.0,100.0,0,1,1,1,1
1577,197,1,30,0,1,1.0,100.0,0,1,1,1,1
1578,197,2,0,30,0,1.0,100.0,0,1,1,1,1
1579,197,3,30,0,1,1.0,100.0,0,1,1,1,1
1580,197,4,0,30,0,1.0,100.0,0,1,1,1,1
1581,197,5,30,0,1,1.0,100.0,0,1,1,1,1
1582,197,6,30,0,1,1.0,100.0,0,1,1,1,1
1583,197,7,0,30,0,1.0,100.0,0,1,1,1,1
1584,198,0,0,30,0,1.0,100.0,0,1,1,1,1
1585,198,1,30,0,1,1.0,100.0,0,1,1,1,1
1586,198,2,0,30,0,1.0,100.0,0,1,1,1,1
1587,198,3,0,30,0,1.0,100.0,0,1,1,1,1
1588,198,4,30,0,1,1.0,100.0,0,1,1,1,1
1589,198,5,30,0,1,1.0,100.0,0,1,1,1,1
1590,198,6,30,0,1,1.0,100.0,0,1,1,1,1
1591,198,7,30,0,1,1.0,100.0,0,1,1,1,1
1592,199,0,30,0,1,1.0,100.0,0,1,1,1,1
1593,199,1,5,25,0,0.8333333333333334,83.33333333333334,5,0,0,0,0
1594,199,2,13,17,0,0.5666666666666667,56.666666666666664,13,0,0,0,0
1595,199,3,0,30,0,1.0,100.0,0,1,1,1,1
1596,199,4,0,30,0,1.0,100.0,0,1,1,1,1
1597,199,5,0,30,0,1.0,100.0,0,1,1,1,1
1598,199,6,0,30,0,1.0,100.0,0,1,1,1,1
1599,199,7,0,30,0,1.0,100.0,0,1,1,1,1
1600,200,0,29,1,1,0.9666666666666667,96.66666666666667,1,1,1,0,0
1601,200,1,0,30,0,1.0,100.0,0,1,1,1,1
1602,200,2,0,30,0,1.0,100.0,0,1,1,1,1
1603,200,3,30,0,1,1.0,100.0,0,1,1,1,1
1604,200,4,11,19,0,0.6333333333333333,63.33333333333333,11,0,0,0,0
1605,200,5,0,30,0,1.0,100.0,0,1,1,1,1
1606,200,6,2,28,0,0.9333333333333333,93.33333333333333,2,1,0,0,0
1607,200,7,30,0,1,1.0,100.0,0,1,1,1,1
1608,201,0,1,29,0,0.9666666666666667,96.66666666666667,1,1,1,0,0
1609,201,1,0,30,0,1.0,100.0,0,1,1,1,1
1610,201,2,7,23,0,0.7666666666666667,76.66666666666667,7,0,0,0,0
1611,201,3,30,0,1,1.0,100.0,0,1,1,1,1
1612,201,4,15,15,1,0.5,50.0,15,0,0,0,0
1613,201,5,18,12,1,0.6,60.0,12,0,0,0,0
1614,201,6,0,30,0,1.0,100.0,0,1,1,1,1
1615,201,7,24,6,1,0.8,80.0,6,0,0,0,0
1616,202,0,30,0,1,1.0,100.0,0,1,1,1,1
1617,202,1,30,0,1,1.0,100.0,0,1,1,1,1
1618,202,2,0,30,0,1.0,100.0,0,1,1,1,1
1619,202,3,30,0,1,1.0,100.0,0,1,1,1,1
1620,202,4,30,0,1,1.0,100.0,0,1,1,1,1
1621,202,5,27,3,1,0.9,90.0,3,1,0,0,0
1622,202,6,0,30,0,1.0,100.0,0,1,1,1,1
1623,202,7,0,30,0,1.0,100.0,0,1,1,1,1
1624,203,0,30,0,1,1.0,100.0,0,1,1,1,1
1625,203,1,0,30,0,1.0,100.0,0,1,1,1,1
1626,203,2,9,21,0,0.7,70.0,9,0,0,0,0
1627,203,3,30,0,1,1.0,100.0,0,1,1,1,1
1628,203,4,30,0,1,1.0,100.0,0,1,1,1,1
1629,203,5,30,0,1,1.0,100.0,0,1,1,1,1
1630,203,6,30,0,1,1.0,100.0,0,1,1,1,1
1631,203,7,0,30,0,1.0,100.0,0,1,1,1,1
1632,204,0,30,0,1,1.0,100.0,0,1,1,1,1
1633,204,1,30,0,1,1.0,100.0,0,1,1,1,1
1634,204,2,0,30,0,1.0,100.0,0,1,1,1,1
1635,204,3,30,0,1,1.0,100.0,0,1,1,1,1
1636,204,4,30,0,1,1.0,100.0,0,1,1,1,1
1637,204,5,30,0,1,1.0,100.0,0,1,1,1,1
1638,204,6,28,2,1,0.9333333333333333,93.33333333333333,2,1,0,0,0
1639,204,7,29,1,1,0.9666666666666667,96.66666666666667,1,1,1,0,0
1640,205,0,30,0,1,1.0,100.0,0,1,1,1,1
1641,205,1,30,0,1,1.0,100.0,0,1,1,1,1
1642,205,2,30,0,1,1.0,100.0,0,1,1,1,1
1643,205,3,0,30,0,1.0,100.0,0,1,1,1,1
1644,205,4,30,0,1,1.0,100.0,0,1,1,1,1
1645,205,5,1,29,0,0.9666666666666667,96.66666666666667,1,1,1,0,0
1646,205,6,30,0,1,1.0,100.0,0,1,1,1,1
1647,205,7,2,28,0,0.9333333333333333,93.33333333333333,2,1,0,0,0
1648,206,0,30,0,1,1.0,100.0,0,1,1,1,1
1649,206,1,29,1,1,0.9666666666666667,96.66666666666667,1,1,1,0,0
1650,206,2,2,28,0,0.9333333333333333,93.33333333333333,2,1,0,0,0
1651,206,3,0,30,0,1.0,100.0,0,1,1,1,1
1652,206,4,30,0,1,1.0,100.0,0,1,1,1,1
1653,206,5,0,30,0,1.0,100.0,0,1,1,1,1
1654,206,6,0,30,0,1.0,100.0,0,1,1,1,1
1655,206,7,12,18,0,0.6,60.0,12,0,0,0,0
1656,207,0,0,30,0,1.0,100.0,0,1,1,1,1
1657,207,1,0,30,0,1.0,100.0,0,1,1,1,1
1658,207,2,30,0,1,1.0,100.0,0,1,1,1,1
1659,207,3,0,30,0,1.0,100.0,0,1,1,1,1
1660,207,4,0,30,0,1.0,100.0,0,1,1,1,1
1661,207,5,6,24,0,0.8,80.0,6,0,0,0,0
1662,207,6,30,0,1,1.0,100.0,0,1,1,1,1
1663,207,7,30,0,1,1.0,100.0,0,1,1,1,1
1664,208,0,30,0,1,1.0,100.0,0,1,1,1,1
1665,208,1,0,30,0,1.0,100.0,0,1,1,1,1
1666,208,2,0,30,0,1.0,100.0,0,1,1,1,1
1667,208,3,0,30,0,1.0,100.0,0,1,1,1,1
1668,208,4,14,16,0,0.5333333333333333,53.333333333333336,14,0,0,0,0
1669,208,5,0,30,0,1.0,100.0,0,1,1,1,1
1670,208,6,0,30,0,1.0,100.0,0,1,1,1,1
1671,208,7,0,30,0,1.0,100.0,0,1,1,1,1
1672,209,0,3,27,0,0.9,90.0,3,1,0,0,0
1673,209,1,0,30,0,1.0,100.0,0,1,1,1,1
1674,209,2,0,30,0,1.0,100.0,0,1,1,1,1
1675,209,3,9,21,0,0.7,70.0,9,0,0,0,0
1676,209,4,0,30,0,1.0,100.0,0,1,1,1,1
1677,209,5,0,30,0,1.0,100.0,0,1,1,1,1
1678,209,6,30,0,1,1.0,100.0,0,1,1,1,1
1679,209,7,30,0,1,1.0,100.0,0,1,1,1,1
1680,210,0,30,0,1,1.0,100.0,0,1,1,1,1
1681,210,1,30,0,1,1.0,100.0,0,1,1,1,1
1682,210,2,30,0,1,1.0,100.0,0,1,1,1,1
1683,210,3,30,0,1,1.0,100.0,0,1,1,1,1
1684,210,4,29,1,1,0.9666666666666667,96.66666666666667,1,1,1,0,0
1685,210,5,0,30,0,1.0,100.0,0,1,1,1,1
1686,210,6,0,30,0,1.0,100.0,0,1,1,1,1
1687,210,7,30,0,1,1.0,100.0,0,1,1,1,1
1688,211,0,0,30,0,1.0,100.0,0,1,1,1,1
1689,211,1,21,9,1,0.7,70.0,9,0,0,0,0
1690,211,2,30,0,1,1.0,100.0,0,1,1,1,1
1691,211,3,30,0,1,1.0,100.0,0,1,1,1,1
1692,211,4,9,21,0,0.7,70.0,9,0,0,0,0
1693,211,5,30,0,1,1.0,100.0,0,1,1,1,1
1694,211,6,30,0,1,1.0,100.0,0,1,1,1,1
1695,211,7,0,30,0,1.0,100.0,0,1,1,1,1
1696,212,0,0,30,0,1.0,100.0,0,1,1,1,1
1697,212,1,30,0,1,1.0,100.0,0,1,1,1,1
1698,212,2,30,0,1,1.0,100.0,0,1,1,1,1
1699,212,3,0,30,0,1.0,100.0,0,1,1,1,1
1700,212,4,30,0,1,1.0,100.0,0,1,1,1,1
1701,212,5,0,30,0,1.0,100.0,0,1,1,1,1
1702,212,6,30,0,1,1.0,100.0,0,1,1,1,1
1703,212,7,0,30,0,1.0,100.0,0,1,1,1,1
1704,213,0,0,30,0,1.0,100.0,0,1,1,1,1
1705,213,1,30,0,1,1.0,100.0,0,1,1,1,1
1706,213,2,30,0,1,1.0,100.0,0,1,1,1,1
1707,213,3,30,0,1,1.0,100.0,0,1,1,1,1
1708,213,4,30,0,1,1.0,100.0,0,1,1,1,1
1709,213,5,0,30,0,1.0,100.0,0,1,1,1,1
1710,213,6,21,9,1,0.7,70.0,9,0,0,0,0
1711,213,7,30,0,1,1.0,100.0,0,1,1,1,1
1712,214,0,30,0,1,1.0,100.0,0,1,1,1,1
1713,214,1,0,30,0,1.0,100.0,0,1,1,1,1
1714,214,2,0,30,0,1.0,100.0,0,1,1,1,1
1715,214,3,0,30,0,1.0,100.0,0,1,1,1,1
1716,214,4,30,0,1,1.0,100.0,0,1,1,1,1
1717,214,5,0,30,0,1.0,100.0,0,1,1,1,1
1718,214,6,30,0,1,1.0,100.0,0,1,1,1,1
1719,214,7,12,18,0,0.6,60.0,12,0,0,0,0
1720,215,0,6,24,0,0.8,80.0,6,0,0,0,0
1721,215,1,0,30,0,1.0,100.0,0,1,1,1,1
1722,215,2,30,0,1,1.0,100.0,0,1,1,1,1
1723,215,3,2,28,0,0.9333333333333333,93.33333333333333,2,1,0,0,0
1724,215,4,30,0,1,1.0,100.0,0,1,1,1,1
1725,215,5,0,30,0,1.0,100.0,0,1,1,1,1
1726,215,6,30,0,1,1.0,100.0,0,1,1,1,1
1727,215,7,30,0,1,1.0,100.0,0,1,1,1,1
1728,216,0,0,30,0,1.0,100.0,0,1,1,1,1
1729,216,1,0,30,0,1.0,100.0,0,1,1,1,1
1730,216,2,30,0,1,1.0,100.0,0,1,1,1,1
1731,216,3,27,3,1,0.9,90.0,3,1,0,0,0
1732,216,4,30,0,1,1.0,100.0,0,1,1,1,1
1733,216,5,30,0,1,1.0,100.0,0,1,1,1,1
1734,216,6,0,30,0,1.0,100.0,0,1,1,1,1
1735,216,7,28,2,1,0.9333333333333333,93.33333333333333,2,1,0,0,0
1736,217,0,30,0,1,1.0,100.0,0,1,1,1,1
1737,217,1,30,0,1,1.0,100.0,0,1,1,1,1
1738,217,2,0,30,0,1.0,100.0,0,1,1,1,1
1739,217,3,0,30,0,1.0,100.0,0,1,1,1,1
1740,217,4,1,29,0,0.9666666666666667,96.66666666666667,1,1,1,0,0
1741,217,5,30,0,1,1.0,100.0,0,1,1,1,1
1742,217,6,0,30,0,1.0,100.0,0,1,1,1,1
1743,217,7,28,2,1,0.9333333333333333,93.33333333333333,2,1,0,0,0
1744,218,0,30,0,1,1.0,100.0,0,1,1,1,1
1745,218,1,26,4,1,0.8666666666666667,86.66666666666667,4,0,0,0,0
1746,218,2,0,30,0,1.0,100.0,0,1,1,1,1
1747,218,3,30,0,1,1.0,100.0,0,1,1,1,1
1748,218,4,30,0,1,1.0,100.0,0,1,1,1,1
1749,218,5,30,0,1,1.0,100.0,0,1,1,1,1
1750,218,6,0,30,0,1.0,100.0,0,1,1,1,1
1751,218,7,30,0,1,1.0,100.0,0,1,1,1,1
1752,219,0,0,30,0,1.0,100.0,0,1,1,1,1
1753,219,1,1,29,0,0.9666666666666667,96.66666666666667,1,1,1,0,0
1754,219,2,4,26,0,0.8666666666666667,86.66666666666667,4,0,0,0,0
1755,219,3,30,0,1,1.0,100.0,0,1,1,1,1
1756,219,4,30,0,1,1.0,100.0,0,1,1,1,1
1757,219,5,30,0,1,1.0,100.0,0,1,1,1,1
1758,219,6,30,0,1,1.0,100.0,0,1,1,1,1
1759,219,7,29,1,1,0.9666666666666667,96.66666666666667,1,1,1,0,0
1760,220,0,30,0,1,1.0,100.0,0,1,1,1,1
1761,220,1,29,1,1,0.9666666666666667,96.66666666666667,1,1,1,0,0
1762,220,2,30,0,1,1.0,100.0,0,1,1,1,1
1763,220,3,1,29,0,0.9666666666666667,96.66666666666667,1,1,1,0,0
1764,220,4,0,30,0,1.0,100.0,0,1,1,1,1
1765,220,5,30,0,1,1.0,100.0,0,1,1,1,1
1766,220,6,30,0,1,1.0,100.0,0,1,1,1,1
1767,220,7,30,0,1,1.0,100.0,0,1,1,1,1
1768,221,0,30,0,1,1.0,100.0,0,1,1,1,1
1769,221,1,0,30,0,1.0,100.0,0,1,1,1,1
1770,221,2,27,3,1,0.9,90.0,3,1,0,0,0
1771,221,3,30,0,1,1.0,100.0,0,1,1,1,1
1772,221,4,30,0,1,1.0,100.0,0,1,1,1,1
1773,221,5,30,0,1,1.0,100.0,0,1,1,1,1
1774,221,6,19,11,1,0.6333333333333333,63.33333333333333,11,0,0,0,0
1775,221,7,2,28,0,0.9333333333333333,93.33333333333333,2,1,0,0,0
1776,222,0,30,0,1,1.0,100.0,0,1,1,1,1
1777,222,1,30,0,1,1.0,100.0,0,1,1,1,1
1778,222,2,30,0,1,1.0,100.0,0,1,1,1,1
1779,222,3,0,30,0,1.0,100.0,0,1,1,1,1
1780,222,4,30,0,1,1.0,100.0,0,1,1,1,1
1781,222,5,30,0,1,1.0,100.0,0,1,1,1,1
1782,222,6,30,0,1,1.0,100.0,0,1,1,1,1
1783,222,7,30,0,1,1.0,100.0,0,1,1,1,1
1784,223,0,0,30,0,1.0,100.0,0,1,1,1,1
1785,223,1,13,17,0,0.5666666666666667,56.666666666666664,13,0,0,0,0
1786,223,2,30,0,1,1.0,100.0,0,1,1,1,1
1787,223,3,30,0,1,1.0,100.0,0,1,1,1,1
1788,223,4,30,0,1,1.0,100.0,0,1,1,1,1
1789,223,5,30,0,1,1.0,100.0,0,1,1,1,1
1790,223,6,30,0,1,1.0,100.0,0,1,1,1,1
1791,223,7,0,30,0,1.0,100.0,0,1,1,1,1
1792,224,0,0,30,0,1.0,100.0,0,1,1,1,1
1793,224,1,0,30,0,1.0,100.0,0,1,1,1,1
1794,224,2,0,30,0,1.0,100.0,0,1,1,1,1
1795,224,3,0,30,0,1.0,100.0,0,1,1,1,1
1796,224,4,19,11,1,0.6333333333333333,63.33333333333333,11,0,0,0,0
1797,224,5,30,0,1,1.0,100.0,0,1,1,1,1
1798,224,6,30,0,1,1.0,100.0,0,1,1,1,1
1799,224,7,28,2,1,0.9333333333333333,93.33333333333333,2,1,0,0,0
1800,225,0,0,30,0,1.0,100.0,0,1,1,1,1
1801,225,1,0,30,0,1.0,100.0,0,1,1,1,1
1802,225,2,1,29,0,0.9666666666666667,96.66666666666667,1,1,1,0,0
1803,225,3,7,23,0,0.7666666666666667,76.66666666666667,7,0,0,0,0
1804,225,4,0,30,0,1.0,100.0,0,1,1,1,1
1805,225,5,0,30,0,1.0,100.0,0,1,1,1,1
1806,225,6,30,0,1,1.0,100.0,0,1,1,1,1
1807,225,7,30,0,1,1.0,100.0,0,1,1,1,1
1808,226,0,24,6,1,0.8,80.0,6,0,0,0,0
1809,226,1,27,3,1,0.9,90.0,3,1,0,0,0
1810,226,2,30,0,1,1.0,100.0,0,1,1,1,1
1811,226,3,0,30,0,1.0,100.0,0,1,1,1,1
1812,226,4,0,30,0,1.0,100.0,0,1,1,1,1
1813,226,5,30,0,1,1.0,100.0,0,1,1,1,1
1814,226,6,30,0,1,1.0,100.0,0,1,1,1,1
1815,226,7,30,0,1,1.0,100.0,0,1,1,1,1
1816,227,0,0,30,0,1.0,100.0,0,1,1,1,1
1817,227,1,0,30,0,1.0,100.0,0,1,1,1,1
1818,227,2,10,20,0,0.6666666666666666,66.66666666666666,10,0,0,0,0
1819,227,3,0,30,0,1.0,100.0,0,1,1,1,1
1820,227,4,30,0,1,1.0,100.0,0,1,1,1,1
1821,227,5,4,26,0,0.8666666666666667,86.66666666666667,4,0,0,0,0
1822,227,6,30,0,1,1.0,100.0,0,1,1,1,1
1823,227,7,30,0,1,1.0,100.0,0,1,1,1,1
1824,228,0,0,30,0,1.0,100.0,0,1,1,1,1
1825,228,1,0,30,0,1.0,100.0,0,1,1,1,1
1826,228,2,30,0,1,1.0,100.0,0,1,1,1,1
1827,228,3,1,29,0,0.9666666666666667,96.66666666666667,1,1,1,0,0
1828,228,4,30,0,1,1.0,100.0,0,1,1,1,1
1829,228,5,30,0,1,1.0,100.0,0,1,1,1,1
1830,228,6,30,0,1,1.0,100.0,0,1,1,1,1
1831,228,7,0,30,0,1.0,100.0,0,1,1,1,1
1832,229,0,30,0,1,1.0,100.0,0,1,1,1,1
1833,229,1,30,0,1,1.0,100.0,0,1,1,1,1
1834,229,2,6,24,0,0.8,80.0,6,0,0,0,0
1835,229,3,30,0,1,1.0,100.0,0,1,1,1,1
1836,229,4,28,2,1,0.9333333333333333,93.33333333333333,2,1,0,0,0
1837,229,5,0,30,0,1.0,100.0,0,1,1,1,1
1838,229,6,30,0,1,1.0,100.0,0,1,1,1,1
1839,229,7,17,13,1,0.5666666666666667,56.666666666666664,13,0,0,0,0
1840,230,0,0,30,0,1.0,100.0,0,1,1,1,1
1841,230,1,0,30,0,1.0,100.0,0,1,1,1,1
1842,230,2,0,30,0,1.0,100.0,0,1,1,1,1
1843,230,3,0,30,0,1.0,100.0,0,1,1,1,1
1844,230,4,0,30,0,1.0,100.0,0,1,1,1,1
1845,230,5,30,0,1,1.0,100.0,0,1,1,1,1
1846,230,6,30,0,1,1.0,100.0,0,1,1,1,1
1847,230,7,0,30,0,1.0,100.0,0,1,1,1,1
1848,231,0,0,30,0,1.0,100.0,0,1,1,1,1
1849,231,1,3,27,0,0.9,90.0,3,1,0,0,0
1850,231,2,0,30,0,1.0,100.0,0,1,1,1,1
1851,231,3,14,16,0,0.5333333333333333,53.333333333333336,14,0,0,0,0
1852,231,4,0,30,0,1.0,100.0,0,1,1,1,1
1853,231,5,0,30,0,1.0,100.0,0,1,1,1,1
1854,231,6,0,30,0,1.0,100.0,0,1,1,1,1
1855,231,7,30,0,1,1.0,100.0,0,1,1,1,1
1856,232,0,0,30,0,1.0,100.0,0,1,1,1,1
1857,232,1,30,0,1,1.0,100.0,0,1,1,1,1
1858,232,2,0,30,0,1.0,100.0,0,1,1,1,1
1859,232,3,24,6,1,0.8,80.0,6,0,0,0,0
1860,232,4,30,0,1,1.0,100.0,0,1,1,1,1
1861,232,5,0,30,0,1.0,100.0,0,1,1,1,1
1862,232,6,0,30,0,1.0,100.0,0,1,1,1,1
1863,232,7,0,30,0,1.0,100.0,0,1,1,1,1
1864,233,0,0,30,0,1.0,100.0,0,1,1,1,1
1865,233,1,30,0,1,1.0,100.0,0,1,1,1,1
1866,233,2,30,0,1,1.0,100.0,0,1,1,1,1
1867,233,3,0,30,0,1.0,100.0,0,1,1,1,1
1868,233,4,28,2,1,0.9333333333333333,93.33333333333333,2,1,0,0,0
1869,233,5,30,0,1,1.0,100.0,0,1,1,1,1
1870,233,6,0,30,0,1.0,100.0,0,1,1,1,1
1871,233,7,0,30,0,1.0,100.0,0,1,1,1,1
1872,234,0,30,0,1,1.0,100.0,0,1,1,1,1
1873,234,1,30,0,1,1.0,100.0,0,1,1,1,1
1874,234,2,0,30,0,1.0,100.0,0,1,1,1,1
1875,234,3,0,30,0,1.0,100.0,0,1,1,1,1
1876,234,4,27,3,1,0.9,90.0,3,1,0,0,0
1877,234,5,0,30,0,1.0,100.0,0,1,1,1,1
1878,234,6,30,0,1,1.0,100.0,0,1,1,1,1
1879,234,7,0,30,0,1.0,100.0,0,1,1,1,1
1880,235,0,6,24,0,0.8,80.0,6,0,0,0,0
1881,235,1,21,9,1,0.7,70.0,9,0,0,0,0
1882,235,2,0,30,0,1.0,100.0,0,1,1,1,1
1883,235,3,0,30,0,1.0,100.0,0,1,1,1,1
1884,235,4,0,30,0,1.0,100.0,0,1,1,1,1
1885,235,5,0,30,0,1.0,100.0,0,1,1,1,1
1886,235,6,30,0,1,1.0,100.0,0,1,1,1,1
1887,235,7,30,0,1,1.0,100.0,0,1,1,1,1
1888,236,0,0,30,0,1.0,100.0,0,1,1,1,1
1889,236,1,0,30,0,1.0,100.0,0,1,1,1,1
1890,236,2,28,2,1,0.9333333333333333,93.33333333333333,2,1,0,0,0
1891,236,3,30,0,1,1.0,100.0,0,1,1,1,1
1892,236,4,0,30,0,1.0,100.0,0,1,1,1,1
1893,236,5,30,0,1,1.0,100.0,0,1,1,1,1
1894,236,6,0,30,0,1.0,100.0,0,1,1,1,1
1895,236,7,30,0,1,1.0,100.0,0,1,1,1,1
1896,237,0,2,28,0,0.9333333333333333,93.33333333333333,2,1,0,0,0
1897,237,1,8,22,0,0.7333333333333333,73.33333333333333,8,0,0,0,0
1898,237,2,29,1,1,0.9666666666666667,96.66666666666667,1,1,1,0,0
1899,237,3,30,0,1,1.0,100.0,0,1,1,1,1
1900,237,4,30,0,1,1.0,100.0,0,1,1,1,1
1901,237,5,30,0,1,1.0,100.0,0,1,1,1,1
1902,237,6,13,17,0,0.5666666666666667,56.666666666666664,13,0,0,0,0
1903,237,7,6,24,0,0.8,80.0,6,0,0,0,0
1904,238,0,0,30,0,1.0,100.0,0,1,1,1,1
1905,238,1,0,30,0,1.0,100.0,0,1,1,1,1
1906,238,2,1,29,0,0.9666666666666667,96.66666666666667,1,1,1,0,0
1907,238,3,30,0,1,1.0,100.0,0,1,1,1,1
1908,238,4,0,30,0,1.0,100.0,0,1,1,1,1
1909,238,5,30,0,1,1.0,100.0,0,1,1,1,1
1910,238,6,0,30,0,1.0,100.0,0,1,1,1,1
1911,238,7,7,23,0,0.7666666666666667,76.66666666666667,7,0,0,0,0
1912,239,0,0,30,0,1.0,100.0,0,1,1,1,1
1913,239,1,30,0,1,1.0,100.0,0,1,1,1,1
1914,239,2,30,0,1,1.0,100.0,0,1,1,1,1
1915,239,3,0,30,0,1.0,100.0,0,1,1,1,1
1916,239,4,0,30,0,1.0,100.0,0,1,1,1,1
1917,239,5,30,0,1,1.0,100.0,0,1,1,1,1
1918,239,6,30,0,1,1.0,100.0,0,1,1,1,1
1919,239,7,2,28,0,0.9333333333333333,93.33333333333333,2,1,0,0,0
1920,240,0,1,29,0,0.9666666666666667,96.66666666666667,1,1,1,0,0
1921,240,1,30,0,1,1.0,100.0,0,1,1,1,1
1922,240,2,29,1,1,0.9666666666666667,96.66666666666667,1,1,1,0,0
1923,240,3,0,30,0,1.0,100.0,0,1,1,1,1
1924,240,4,30,0,1,1.0,100.0,0,1,1,1,1
1925,240,5,0,30,0,1.0,100.0,0,1,1,1,1
1926,240,6,8,22,0,0.7333333333333333,73.33333333333333,8,0,0,0,0
1927,240,7,0,30,0,1.0,100.0,0,1,1,1,1
1928,241,0,30,0,1,1.0,100.0,0,1,1,1,1
1929,241,1,0,30,0,1.0,100.0,0,1,1,1,1
1930,241,2,2,28,0,0.9333333333333333,93.33333333333333,2,1,0,0,0
1931,241,3,30,0,1,1.0,100.0,0,1,1,1,1
1932,241,4,0,30,0,1.0,100.0,0,1,1,1,1
1933,241,5,19,11,1,0.6333333333333333,63.33333333333333,11,0,0,0,0
1934,241,6,27,3,1,0.9,90.0,3,1,0,0,0
1935,241,7,30,0,1,1.0,100.0,0,1,1,1,1
1936,242,0,30,0,1,1.0,100.0,0,1,1,1,1
1937,242,1,0,30,0,1.0,100.0,0,1,1,1,1
1938,242,2,30,0,1,1.0,100.0,0,1,1,1,1
1939,242,3,0,30,0,1.0,100.0,0,1,1,1,1
1940,242,4,25,5,1,0.8333333333333334,83.33333333333334,5,0,0,0,0
1941,242,5,2,28,0,0.9333333333333333,93.33333333333333,2,1,0,0,0
1942,242,6,30,0,1,1.0,100.0,0,1,1,1,1
1943,242,7,0,30,0,1.0,100.0,0,1,1,1,1
1944,243,0,0,30,0,1.0,100.0,0,1,1,1,1
1945,243,1,0,30,0,1.0,100.0,0,1,1,1,1
1946,243,2,30,0,1,1.0,100.0,0,1,1,1,1
1947,243,3,30,0,1,1.0,100.0,0,1,1,1,1
1948,243,4,0,30,0,1.0,100.0,0,1,1,1,1
1949,243,5,30,0,1,1.0,100.0,0,1,1,1,1
1950,243,6,7,23,0,0.7666666666666667,76.66666666666667,7,0,0,0,0
1951,243,7,30,0,1,1.0,100.0,0,1,1,1,1
1952,244,0,0,30,0,1.0,100.0,0,1,1,1,1
1953,244,1,0,30,0,1.0,100.0,0,1,1,1,1
1954,244,2,0,30,0,1.0,100.0,0,1,1,1,1
1955,244,3,0,30,0,1.0,100.0,0,1,1,1,1
1956,244,4,30,0,1,1.0,100.0,0,1,1,1,1
1957,244,5,0,30,0,1.0,100.0,0,1,1,1,1
1958,244,6,30,0,1,1.0,100.0,0,1,1,1,1
1959,244,7,30,0,1,1.0,100.0,0,1,1,1,1
1960,245,0,30,0,1,1.0,100.0,0,1,1,1,1
1961,245,1,30,0,1,1.0,100.0,0,1,1,1,1
1962,245,2,0,30,0,1.0,100.0,0,1,1,1,1
1963,245,3,30,0,1,1.0,100.0,0,1,1,1,1
1964,245,4,30,0,1,1.0,100.0,0,1,1,1,1
1965,245,5,0,30,0,1.0,100.0,0,1,1,1,1
1966,245,6,30,0,1,1.0,100.0,0,1,1,1,1
1967,245,7,0,30,0,1.0,100.0,0,1,1,1,1
1968,246,0,0,30,0,1.0,100.0,0,1,1,1,1
1969,246,1,1,29,0,0.9666666666666667,96.66666666666667,1,1,1,0,0
1970,246,2,0,30,0,1.0,100.0,0,1,1,1,1
1971,246,3,30,0,1,1.0,100.0,0,1,1,1,1
1972,246,4,30,0,1,1.0,100.0,0,1,1,1,1
1973,246,5,0,30,0,1.0,100.0,0,1,1,1,1
1974,246,6,30,0,1,1.0,100.0,0,1,1,1,1
1975,246,7,0,30,0,1.0,100.0,0,1,1,1,1
1976,247,0,30,0,1,1.0,100.0,0,1,1,1,1
1977,247,1,0,30,0,1.0,100.0,0,1,1,1,1
1978,247,2,0,30,0,1.0,100.0,0,1,1,1,1
1979,247,3,0,30,0,1.0,100.0,0,1,1,1,1
1980,247,4,0,30,0,1.0,100.0,0,1,1,1,1
1981,247,5,30,0,1,1.0,100.0,0,1,1,1,1
1982,247,6,0,30,0,1.0,100.0,0,1,1,1,1
1983,247,7,29,1,1,0.9666666666666667,96.66666666666667,1,1,1,0,0
1984,248,0,0,30,0,1.0,100.0,0,1,1,1,1
1985,248,1,0,30,0,1.0,100.0,0,1,1,1,1
1986,248,2,1,29,0,0.9666666666666667,96.66666666666667,1,1,1,0,0
1987,248,3,0,30,0,1.0,100.0,0,1,1,1,1
1988,248,4,0,30,0,1.0,100.0,0,1,1,1,1
1989,248,5,0,30,0,1.0,100.0,0,1,1,1,1
1990,248,6,30,0,1,1.0,100.0,0,1,1,1,1
1991,248,7,0,30,0,1.0,100.0,0,1,1,1,1
1992,249,0,0,30,0,1.0,100.0,0,1,1,1,1
1993,249,1,13,17,0,0.5666666666666667,56.666666666666664,13,0,0,0,0
1994,249,2,30,0,1,1.0,100.0,0,1,1,1,1
1995,249,3,0,30,0,1.0,100.0,0,1,1,1,1
1996,249,4,0,30,0,1.0,100.0,0,1,1,1,1
1997,249,5,21,9,1,0.7,70.0,9,0,0,0,0
1998,249,6,30,0,1,1.0,100.0,0,1,1,1,1
1999,249,7,8,22,0,0.7333333333333333,73.33333333333333,8,0,0,0,0
2000,250,0,30,0,1,1.0,100.0,0,1,1,1,1
2001,250,1,0,30,0,1.0,100.0,0,1,1,1,1
2002,250,2,30,0,1,1.0,100.0,0,1,1,1,1
2003,250,3,30,0,1,1.0,100.0,0,1,1,1,1
2004,250,4,30,0,1,1.0,100.0,0,1,1,1,1
2005,250,5,0,30,0,1.0,100.0,0,1,1,1,1
2006,250,6,0,30,0,1.0,100.0,0,1,1,1,1
2007,250,7,30,0,1,1.0,100.0,0,1,1,1,1
2008,251,0,0,30,0,1.0,100.0,0,1,1,1,1
2009,251,1,0,30,0,1.0,100.0,0,1,1,1,1
2010,251,2,0,30,0,1.0,100.0,0,1,1,1,1
2011,251,3,0,30,0,1.0,100.0,0,1,1,1,1
2012,251,4,0,30,0,1.0,100.0,0,1,1,1,1
2013,251,5,30,0,1,1.0,100.0,0,1,1,1,1
2014,251,6,30,0,1,1.0,100.0,0,1,1,1,1
2015,251,7,30,0,1,1.0,100.0,0,1,1,1,1
2016,252,0,0,30,0,1.0,100.0,0,1,1,1,1
2017,252,1,27,3,1,0.9,90.0,3,1,0,0,0
2018,252,2,30,0,1,1.0,100.0,0,1,1,1,1
2019,252,3,30,0,1,1.0,100.0,0,1,1,1,1
2020,252,4,30,0,1,1.0,100.0,0,1,1,1,1
2021,252,5,0,30,0,1.0,100.0,0,1,1,1,1
2022,252,6,30,0,1,1.0,100.0,0,1,1,1,1
2023,252,7,0,30,0,1.0,100.0,0,1,1,1,1
2024,253,0,30,0,1,1.0,100.0,0,1,1,1,1
2025,253,1,30,0,1,1.0,100.0,0,1,1,1,1
2026,253,2,30,0,1,1.0,100.0,0,1,1,1,1
2027,253,3,30,0,1,1.0,100.0,0,1,1,1,1
2028,253,4,30,0,1,1.0,100.0,0,1,1,1,1
2029,253,5,0,30,0,1.0,100.0,0,1,1,1,1
2030,253,6,30,0,1,1.0,100.0,0,1,1,1,1
2031,253,7,0,30,0,1.0,100.0,0,1,1,1,1
2032,254,0,25,5,1,0.8333333333333334,83.33333333333334,5,0,0,0,0
2033,254,1,5,25,0,0.8333333333333334,83.33333333333334,5,0,0,0,0
2034,254,2,30,0,1,1.0,100.0,0,1,1,1,1
2035,254,3,30,0,1,1.0,100.0,0,1,1,1,1
2036,254,4,1,29,0,0.9666666666666667,96.66666666666667,1,1,1,0,0
2037,254,5,0,30,0,1.0,100.0,0,1,1,1,1
2038,254,6,30,0,1,1.0,100.0,0,1,1,1,1
2039,254,7,0,30,0,1.0,100.0,0,1,1,1,1
2040,255,0,20,10,1,0.6666666666666666,66.66666666666666,10,0,0,0,0
2041,255,1,30,0,1,1.0,100.0,0,1,1,1,1
2042,255,2,0,30,0,1.0,100.0,0,1,1,1,1
2043,255,3,22,8,1,0.7333333333333333,73.33333333333333,8,0,0,0,0
2044,255,4,30,0,1,1.0,100.0,0,1,1,1,1
2045,255,5,30,0,1,1.0,100.0,0,1,1,1,1
2046,255,6,0,30,0,1.0,100.0,0,1,1,1,1
2047,255,7,0,30,0,1.0,100.0,0,1,1,1,1
